Drept Penal,51.  Termenul de reabilitare începe să curgă de la momentul:,"A. rămânerii definitive a hotărârii de condamnare, dacă pedeapsa cu executare aplicată este egală cu durata arestării preventive executate de inculpat anterior condamnării
B. împlinirii termenului de încercare (definitivare) al graţierii totale şi condiţionate, intervenite ulterior condamnării
C. rămânerii definitive a hotărârii prin care s-a dispus înlocuirea pedepsei amenzii cu închisoarea.",A
Drept Penal,59.  Pedeapsa detențiunii pe viață nu poate fi aplicată celor care:,"A. au împlinit vârsta de 60 de ani la data pronunțării hotărârii;
B. aveau vârsta de 65 de ani la data săvârșirii infracțiunii;
C. aveau vârsta de 70 de ani la data pronunțării hotărârii de condamnare.",BC
Drept Penal,56.  În cazul infracţiunii progresive:,"A. forma de vinovăţie este întotdeauna intenţia depăşită (praeterintenția)
B. nu este posibil niciodată coautoratul
C. elementul material poate consta şi într-o omisiune.",C
Drept Penal,53.  În cazul prescripției răspunderii penale:,"A. termenul de prescripție are aceeași durată indiferent dacă infracțiunea s-a consumat sau a rămas în forma tentativei
B. se poate dispune măsura de siguranță a confiscării extinse în cazul infracțiunii pentru care a intervenit prescripția
C. termenul prescripției speciale se calculează de la momentul ultimei întreruperi a cursului prescripției",A
Drept Penal,56.  Pedeapsa amenzii se înlocuiește cu închisoarea dacă persoana condamnată:,"A. nu o execută cu rea-credință în tot sau în parte;
B. nu îndeplinește cu rea-credință obligațiile civile stabilite prin hotărârea de condamnare;
C. săvârșește o nouă infracțiune cu intenție, anterior începerii executării sau înainte de executarea în întregime a acesteia.",A
Drept Penal,63.  La stabilirea cuantumului unei zile-amendă ca pedeapsă unică pentru persoana fizică se ține seama de:,"A. situația materială a condamnatului;
B. obligațiile legale ale condamnatului față de persoanele aflate în întreținerea sa;
C. valoarea folosului patrimonial obținut sau urmărit.",AB
Drept Penal,57.  Pedeapsa rezultantă a unui concurs de infracţiuni pentru care instanţa a stabilit doar pedepse cu închisoarea:,"A. poate fi, în anumite condiţii, detențiunea pe viaţă, chiar dacă legea nu prevede pentru niciuna dintre infracţiunile concurente această pedeapsă
B. poate ajunge până la totalul aritmetic al pedepselor stabilite pentru infracţiunile concurente
C. poate face obiectul renunţării la aplicarea pedepsei.",A
Drept Penal,58.  Nu poate opera niciodată cumulul aritmetic a două pedepse cu închisoarea în caz de:,"A. anulare a renunţării la aplicarea pedepsei
B. comitere a unei noi infracţiuni în cursul termenului de prescripţie a răspunderii penale pentru o altă infracţiune
C. revocare a amânării aplicării pedepsei.",BC
Drept Penal,62.  Încredințarea unui autoturism pentru a fi condus de o persoană pe drumurile publice constituie infracțiune:,"A. dacă persoana se află în stare de ebrietate, indiferent de nivelul alcoolemiei
B. chiar dacă persoana care conduce are permis de conducere, însă acesta este necorespunzător categoriei din care face parte autovehiculul condus
C. continuă",B
Drept Penal,52.  Constituie infracțiunea de omor calificat omorul comis în situația în care:,"A. X s-a gândit să o ucidă pe Y, colega sa de serviciu, din răzbunare pentru că aceasta fusese promovată înaintea lui, motiv pentru care X s-a documentat timp de câteva zile cu privire la diverse substanțe letale, iar apoi a cumpărat o astfel de substanță pe care a administrat-o timp de o săptămână în cafeaua lui Y, până ce substanța și-a făcut efectul, Y decedând, raportul de expertiză medico-legală arătând că Y era însărcinată în 10 săptămâni, aspect necunoscut de X
B. T, care executase anterior o pedeapsă cu închisoarea de 2 ani pentru infracțiunea de ucidere la cererea victimei, a ucis-o pe W, persoană minoră de sex feminin, iar ulterior, pentru ca fapta să nu fie descoperită, a secționat cadavrul și a incendiat părțile astfel rezultate, cenușa fiind ascunsă într-un recipient amplasat într-o groapă din pădure
C. la ora 20.30, Z a aflat că vecinul său V a retras de la bancomat o sumă importantă de bani, astfel încât a luat un cuțit din casă și a mers să-l aștepte pe V la un colț de stradă, pentru a-i lua banii, iar la ora 20.40, văzând că se apropie o persoană despre care a crezut că este V, a înjunghiat-o cu putere, de mai multe ori, în zona inimii, cu consecința decesului acesteia, luându-i portofelul, ulterior descoperindu-se că persoana înjunghiată nu era, în realitate, V",A
Drept Penal,"63.  Eroarea cu privire la caracterul ilicit al faptei prevăzute de legea penală:
[GRILĂ ANULATĂ]","A. înlătură caracterul nejustificat al faptei
B. poate conduce la reţinerea unei circumstanţe atenuante judiciare
C. produce aceleaşi efecte ca eroarea asupra elementelor constitutive",B
Drept Penal,"67.  X a pătruns noaptea într-un depozit de materiale de construcţii cu intenţia de a sustrage 3 cutii de faianţă pentru a-şi renova bucătăria. După ce a pătruns în interior a realizat că i-ar fi utile şi alte materiale de construcţie (nisip, ciment, adeziv, etc.), dar şi-a dat seama că dacă le-ar sustrage şi pe acestea nu ar avea unde să le depoziteze. De aceea l-a sunat pe prietenul sau P, i-a spus în ce situaţie se află şi l-a întrebat dacă ar fi de acord ca materialele sustrase să fie depozitate la el, pentru că altfel nu ar avea rost să le sustragă. P a fost de acord să depoziteze bunurile în garajul său până ce X va avea nevoie de ele. După ce a descărcat bunurile sustrase în garaj, X a fost prins de poliţie. În cauză:","A. nu se va putea reţine infracţiunea de tăinuire în sarcina lui P
B. în sarcina lui X se va reţine infracţiunea de furt calificat în concurs cu instigare la infracţiunea de tăinuire
C. se va putea reţine infracţiunea de favorizarea făptuitorului în sarcina lui P, dar nu se va putea reţine instigare la favorizarea făptuitorului în sarcina lui X.",A
Drept Penal,74.  În ceea ce privește infracțiunea de abandon de familie:,"A. are întotdeauna, ca subiect pasiv, un membru de familie al autorului faptei
B. neplata cu rea-credință, timp de trei luni, a pensiei de întreținere stabilite prin aceeași hotărâre judecătorească, față de doi copii, unul minor, iar altul major, aflat în continuarea studiilor, constituie două infracțiuni de abandon de familie, aflate în concurs
C. nu se va reține în sarcina celui față de care s-a dispus clasarea pentru infracțiunea de ucidere din culpă, în cazul în care nu a executat cu rea-credință prestațiile periodice stabilite prin hotărâre judecătorească de instanța civilă, în favoarea moștenitorilor victimei",C
Drept Penal,51.  În ipoteza cauzei justificative a stării de necesitate:,"A. este necesar ca acțiunea de salvare să se îndrepte împotriva persoanei care a cauzat starea de pericol
B. fapta tipică săvârșită pentru salvarea valorii sociale nu poate fi comisă de o persoană juridică
C. starea de pericol poate fi cauzată de comportamentul spontan al unui animal domestic",C
Drept Penal,64.  Infracţiunea de lipsire de libertate în mod ilegal:,"A. se va reţine în concurs cu infracţiunea de ultraj judiciar atunci când X, din răzbunare pentru trimiterea sa în judecată de către un procuror, l-a legat pe acesta de un scaun, victima fiind descoperită o oră mai târziu
B. se poate comite prin răpire chiar şi atunci când victima are posibilitatea de a se deplasa singură
C. nu se poate comite în coautorat daca fapta se săvârşeşte de către o persoana înarmată şi asupra unui minor",B
Drept Penal,74.  Producerea unui prejudiciu estetic grav și permanent poate constitui urmare imediată în cazul infracțiunii de:,"A. încăierare
B. purtare abuzivă
C. act sexual cu un minor",A
Drept Penal,58.  Infracţiunea comisivă prin omisiune:,"A. nu permite niciodată reţinerea cauzei de nepedepsire a împiedicării producerii rezultatului
B. poate îmbraca forma infracţiunii complexe
C. se comite cu intenţie depăşită (praeterintenție) ori de câte ori acţiunea anterioară, ce a creat starea de pericol care a înlesnit producerea rezultatului, este intenţionată.",B
Drept Penal,64.  Constituie întotdeauna furt calificat:,"A. furtul care a produs o pagubă materială mai mare de 2.000.000 lei
B. furtul săvârşit de 3 persoane împreună
C. furtul comis prin folosirea cheii pe care autorul a sustras-o cu o zi înainte din buzunarul persoanei vătămate.",C
Drept Penal,62.  Infracţiunea de ucidere la cererea victimei:,"A. se poate comite şi prin inacţiune
B. este imprescriptibilă, fiind o formă atenuată de omor
C. se comite întotdeauna cu intenţie repentină (spontană), caracterizată de starea de tulburare pricinuită autorului de suferinţele victimei.",A
Drept Penal,55.  Participaţia improprie:,"A. se reţine şi atunci când X major participa cu acte de complicitate concomitentă la comiterea unei infracţiuni intenţionate de către Y, minor în vârstă de 17 ani
B. se poate reţine şi în cazul infracţiunilor caracterizate de pluralitate naturală
C. determină întotdeauna reţinerea agravantei generale a săvârşirii faptei de un major împreună cu un minor.",B
Drept Penal,"69.  Inculpaţii X şi Y au fost opriţi şi legitimaţi de o patrulă de poliţie în jurul orelor 03.00 dimineaţă pe o stradă din Timişoara. În timp ce îşi cauta cartea de identitate, X a scăpat din mână o sacoşă pe care o avea asupra sa, din care au ieşit mai multe bare metalice şi şurubelniţe. Chestionaţi în legătură cu aceste obiecte, X şi Y au recunoscut că mergeau să comită o spargere la un magazin de bijuterii aflat la circa 500 m pe aceeaşi stradă. În acest caz:","A. în sarcina lui X şi Y se va reţine o tentativă întreruptă la infracţiunea de furt calificat
B. se va dispune confiscarea bunurilor aflate în sacoşă, ca fiind bunuri destinate a fi folosite la săvârşirea unei fapte prevăzute de legea penală
C. instanţa nu va putea dispune pentru fapta comisă de X şi Y renunţarea la aplicarea pedepsei.",C
Drept Penal,62.  Cauza justificativă a consimțământului persoanei vătămate:,"A. poate opera chiar dacă persoana vătămată nu cunoaște identitatea celui care va comite fapta prevăzută de legea penală la care consimte
B. nu poate opera niciodată în cazul în care persoana vătămată este un minor cu vârsta sub 14 ani sau o persoană majoră pusă sub interdicție
C. poate opera în cazul oricărei infracțiuni, cu excepția celor contra vieții",A
Drept Penal,74.  Dacă o instituţie publică săvârșeste o infracţiune:,"A. nu răspunde niciodată penal, în măsura în care respectivă instituţie publică poate desfăşura şi activităţi care nu fac obiectul domeniului privat
B. nu este aplicabilă dispoziţia referitoare la majorarea limitelor speciale ale zilelor-amendă în cazul în care instituţia publică a urmărit obţinerea unui folos patrimonial
C. nu i se pot aplica pedepse accesorii.",C
Drept Penal,"70.  Inculpatul D, pe fondul unei dispute cu persoana vătămată E, având ca obiect dreptul de folosinţă al unui teren (nici una dintre părţi neavând un titlu valabil cu privire la dreptul de folosinţă al terenului) a executat discuirea suprafeţei menţionate, distrugând în totalitate cultura de floarea-soarelui înfiinţată de persoana vătămată E pe terenul respectiv, după care a semănat aceeaşi suprafaţă cu porumb, invocând faptul că în zonă terenurile negrăniţuite sunt lucrate în blocuri compacte, conform înţelegerilor dintre persoane, ignorându-se delimitările din titlurile de proprietate, aspecte cunoscute atât de către inculpat, cât şi de către partea civilă. Raportat la situaţia prezentată, fapta inculpatului D:","A. întruneşte elementele constitutive ale infracţiunii de distrugere în varianta tip, prevăzută de art. 253 alin. 1 Cod penal;
B. întruneşte elementele constitutive ale infracţiunii de tulburare de posesie prev. de art. 256 alin. 1 Cod penal;
C. nu constituie infracţiune, niciuna dintre părţi neavând titlu valabil cu privire la dreptul de folosinţă al terenului.",A
Drept Penal,70.  În cazul infracțiunilor de abuz în serviciu și neglijență în serviciu:,"A. paguba cauzată prin comiterea faptei se poate produce și în patrimoniul unei persoane juridice
B. se va aplica, pe lângă pedeapsa principală, și interzicerea exercitării dreptului de a ocupa o funcţie publică
C. subiect activ poate fi și persoana care exercită, temporar, fără remuneraţie, o însărcinare în cadrul unei persoane juridice de drept privat",A
Drept Penal,"53.  Instanţa dispune revocarea liberării condiţionate în cazul în care, pe durata termenului de supraveghere, persoana condamnată:","A. nu respectă cu rea-credinţă măsurile de supraveghere impuse
B. nu execută obligaţiile civile impuse prin hotărârea de condamnare, afară de cazul când dovedeşte că nu a avut nicio posibilitate să le îndeplinească
C. a săvârşit o infracţiune de distrugere din culpă, descoperită în termenul de supraveghere, pentru care i s-a aplicat pedeapsa închisorii, chiar după expirarea acestui termen",AC
Drept Penal,53.  În materia cauzei justificative a legitimei apărări:,"A. atacul poate consta într-o faptă comisivă prin omisiune
B. apărarea nu poate fi exercitată niciodată ulterior consumării infracţiunii simple care constituie atacul
C. atacul poate consta într-o faptă care intră ea însăşi sub incidenţa unei cauze justificative a legitimei apărări.",A
Drept Penal,72.  În cazul infracţiunii de cercetare abuzivă:,"A. nu este posibilă tentativa;
B. se poate reţine forma continuată;
C. este posibilă reţinerea acestei infracţiuni în concurs cu infracţiunea de favorizare a făptuitorului.",BC
Drept Penal,69.  Procurorul poate fi subiect activ al infracțiunii de:,"A. ultraj judiciar
B. cercetare abuzivă în ambele variante
C. represiune nedreaptă în oricare din modalitățile elementului material",A
Drept Penal,75.  Infracțiunea de fals:,"A. în declarații, nu poate fi comisă în coautorat
B. intelectual, poate fi reţinută în concurs formal cu infracţiunea de uz de fals
C. intelectual, se reține în concurs formal cu infracțiunea de fals material în înscrisuri oficiale atunci când înscrisul este întocmit de un funcționar public care nu avea competența de a-l întocmi și care consemnează împrejurări ce nu corespund realității",A
Drept Penal,53.  Există concurs de infracțiuni:,"A. când o infracțiune a fost săvârșită pentru a ascunde comiterea de către aceeași persoană a unei infracțiuni săvârșite din culpă;
B. când o infracțiune de omor a fost săvârșită pentru a înlesni comiterea unei infracțiuni de tâlhărie;
C. când se săvârșesc mai multe acte de sustragere, la scurte intervale de timp, cu aceeaşi ocazie, în realizarea aceleiaşi hotărâri infracționale, din locuinţa comună a lui X şi Y.",AB
Drept Penal,"68.  X, care s-a prezentat în faţa procurorului, afirmând, în mod nereal, că este Y, persoana citată în calitate de martor în cauza instrumentată de procuror, şi a fost audiat în această calitate comite o infracţiune de fals privind identitatea:","A. dacă a prezentat actul de identitate al lui Y
B. şi o infracţiune de mărturie mincinoasă
C. şi o infracţiune de inducere în eroare a organelor judiciare.",A
Drept Penal,"65.  Inculpatul X l-a vizitat pe prietenul său A, tinichigiu auto, pe care l-a rugat să-l transporte la discoteca din satul vecin. Întrucât A l-a refuzat, X a sustras de pe o masă din garajul acestuia cheia autoturismului ce aparținea lui B, autoturism care îi fusese încredințat lui A pentru a fi vopsit. La sfârșitul vizitei, inculpatul X, folosind cheia sustrasă, s-a urcat la volan și a condus autoturismul lui B, pe care l-a abandonat ulterior în fața discotecii din satul vecin. X a săvârșit:","A. infracțiunea de furt simplu și infracțiunea de furt în scop de folosință, în concurs
B. o singură infracțiune de furt în scop de folosință
C. infracțiunea de abuz de încredere",B
Drept Penal,"57.  În ipoteza cauzei justificative a legitimei apărări, atacul poate consta:","A. doar într-o infracțiune consumată
B. și într-o tentativă neincriminată
C. și într-o tentativă neidonee (absolut improprie)",B
Drept Penal,55.  Constituie circumstanțe agravante generale săvârșirea infracțiunii:,"A. în timpul nopții;
B. de două sau mai multe persoane împreună;
C. prin cruzimi.",C
Drept Penal,73.  Cauzarea unei stări de temere victimei trebuie să se producă în mod obligatoriu pentru a putea fi în prezența infracțiunii de:,"A. amenințare
B. hărțuire în modalitatea supravegherii locuinței victimei
C. violare de domiciliu",B
Drept Penal,53.  Reabilitarea judecătorească:,"A. se anulează doar dacă infracţiunea care atrage anularea este descoperită în termenul de reabilitare
B. poate fi acordată şi celor condamnaţi la detenţiune pe viaţă
C. poate fi acordată şi post-mortem, însă numai dacă cel condamnat a trăit până la împlinirea termenului de reabilitare.",B
Drept Penal,67.  Infracțiunea de viol se va reţine:,"A. în varianta tip atunci când făptuitorul o violează pe sora mamei sale, victima fiind majoră
B. în concurs cu infracțiunea de vătămare corporală, atunci când făptuitorul, pentru a înfrânge rezistenţa victimei, în timpul raportului sexual, o crestează cu lama unui cuţit pe frunte şi pe obraji
C. și atunci când victima este constrânsă de inculpat să săvârșească acte de penetrare orală cu un obiect",A
Drept Penal,53.  Împiedicarea producerii rezultatului realizată de către autor:,"A. este o circumstanță personală de individualizare
B. este posibilă în cazul oricărei infracțiuni intenționate
C. poate fi reținută ca o circumstanță atenuantă judiciară, dacă a avut loc ulterior descoperirii faptei",C
Drept Penal,65.  Infracţiunea de rele tratamente aplicate minorului:,"A. se poate comite în coautorat şi atunci când fapta se săvârşeşte prin inacţiune
B. se reţine în forma tentativei pedepsibile în cazul în care inculpatul încearcă să o violeze pe fiica sa minoră, fugărind-o în acest scop prin casă, dacă aceasta reuşeşte să se salveze ieşind pe geam
C. se reţine în concurs formal cu infracţiunea de lipsire de libertate în mod ilegal, atunci când se comite de către mamă asupra fiului său în vârstă de 8 ani, prin izolarea lui într-o pivniță întunecată timp de 5 zile, având la dispoziţie hrană şi apă",A
Drept Penal,63.  Va putea fi condamnat pentru infracțiunea de violare a sediului profesional cel care:,"A. este invitat la sediul unei persoane juridice pentru un interviu, dar refuză părăsirea spațiului respectiv la terminarea interviului, în ciuda solicitărilor repetate ale reprezentanților societății și ale paznicilor
B. pătrunde noaptea în sediul unui centru comercial, pentru a sustrage mai multe bunuri, dar, în timp ce le căuta, este surprins de paznic, astfel încât îl lovește pe acesta pentru a-și asigura scăparea și fuge fără a mai lua bunurile
C. pătrunde fără drept, în timpul nopții, în sediul unui cabinet individual al unui avocat, unde acesta își desfășura activitatea profesională, pentru a vedea cum și-a organizat spațiul",A
Drept Penal,52.  Amânarea aplicării pedepsei nu se poate dispune niciodată cu privire la:,"A. o pedeapsă principală pe lângă care s-a stabilit şi pedeapsa complementară a degradării militare
B. pedeapsa amenzii pentru care s-a dispus executarea prin prestarea unei munci neremunerate în folosul comunităţii
C. o persoană care a mai fost anterior condamnată pentru o altă infracţiune, comisă din culpă.",AB
Drept Penal,54.  În cazul tentativei:,"A. limitele speciale ale pedepsei complementare a interzicerii unor drepturi se reduc la jumătate
B. forma de vinovăţie poate fi diferită de cea care ar fi caracterizat infracţiunea respectivă în formă consumată
C. se reţin aceleaşi circumstanţe agravante legale generale ce s-ar fi reţinut dacă infracţiunea s-ar fi consumat.",C
Drept Penal,54.  Primul termen al recidivei poate consta într-o:,"A. condamnare definitivă la pedeapsa de 2 ani închisoare cu suspendarea executării sub supraveghere pentru infracțiunea de furt, dacă au trecut doi ani de la împlinirea termenului de supraveghere;
B. hotărâre definitivă prin care s-a amânat aplicarea pedepsei de 2 ani închisoare stabilită pentru o infracțiune săvârșită cu intenție depășită (praeterintenție);
C. hotărâre definitivă prin care s-a dispus internarea într-un centru de detenție pe o durată de 1 an și 6 luni pentru săvârșirea infracțiunii de furt calificat.",A
Drept Penal,73.  Infracţiunea de şantaj:,"A. nu se poate reţine atunci când folosul a cărui obţinere se urmăreşte era datorat autorului de către persoana vătămată
B. se consumă în momentul în care subiectul pasiv cedează constrângerii exercitate, autorul obţinând satisfacerea interesului urmărit
C. se reţine în concurs cu infracţiunea de lipsire de libertate în mod ilegal când în schimbul eliberării victimei se cere un folos patrimonial sau nepatrimonial.",C
Drept Penal,52.  Amânarea aplicării pedepsei închisorii:,"A. nu se poate dispune niciodată, dacă pe lângă pedeapsa închisorii s-a aplicat şi pedeapsa amenzii penale
B. se poate dispune, dacă inculpatul a mai fost condamnat anterior la pedeapsa închisorii pentru o infracţiune amnistiată
C. se poate dispune, dacă inculpatul a mai fost condamnat anterior la pedeapsa închisorii pentru o infracţiune din culpă",B
Drept Penal,54.  Este necesar ca subiectul pasiv al faptei tipice să fi comis un act cu caracter injust pentru a putea reține în cazul respectivei fapte:,"A. cauza justificativă a legitimei apărări
B. circumstanța atenuantă a depășirii limitelor stării de necesitate
C. cazul fortuit",A
Drept Penal,55.  Munca neremunerată în folosul comunității nu se poate dispune:,"A. ca modalitate de executare a pedepsei amenzii după ce condamnatul a plătit o parte din aceasta
B. ca obligație a condamnatului, pe durata termenului de supraveghere al liberării condiționate
C. ca obligație în conținutul pedepsei complementare a interzicerii unor drepturi",B
Drept Penal,55.  Amenda care însoțește pedeapsa închisorii:,"A. se poate aplica doar în cazul infracțiunilor de rezultat
B. poate fi aplicată chiar dacă pentru infracțiunea respectivă s-a luat și măsura de siguranță a confiscării bunurilor dobândite în mod vădit prin comiterea faptei
C. rămâne executabilă chiar dacă în cazul pedepsei închisorii pe care o însoțește s-a dispus amânarea aplicării pedepsei",B
Drept Penal,"67.  Fapta inculpatului de a depune la instanţa de judecată, la mai multe termene ce au avut loc în cadrul unui proces, 4 chitanţe falsificate care atestă, în mod nereal, plata unor sume de bani cu titlu de onorariu avocat, în scopul obligării părţii adverse de către instanţă la plata cheltuielilor de judecată, rezultat care nu s-a produs din cauza pierderii procesului, constituie:","A. tentativă la infracţiunea de înşelăciune comisă prin folosirea de mijloace frauduloase, prevăzută de art. 32 Cod penal raportat la art. 244 alin. 1 şi 2 Cod penal;
B. infracţiunea de fals în înscrisuri sub semnătură privată în formă continuată, prevăzută de art. 322 alin. 1 Cod penal cu aplicarea art. 35 alin. 1 Cod penal;
C. infracţiunea de fals în înscrisuri sub semnătură privată prevăzută de art. 322 alin. 1 Cod penal",B
Drept Penal,"62.  Suspendarea executării pedepsei sub supraveghere, se poate dispune în cazul în unei hotărâri de condamnare la pedeapsa:","A. închisorii de 3 ani;
B. amenzii;
C. închisorii de 2 ani, însoțită de pedeapsa amenzii.",AC
Drept Penal,74.  În cazul infracțiunii de delapidare:,"A. se va reţine cauza de nepedepsire a împiedicării producerii rezultatului dacă inculpatul, funcţionar bancar ce îndeplineşte funcţia de casier, sustrage o sumă de bani din casierie, pe care o restituie când încasează salariul, înainte ca fapta să fie descoperită
B. elementul material al laturii obiective nu poate să constea, potrivit legii, în înlesnirea valorificării unui bun
C. autorul răspunde și atunci când bunul este traficat în interesul unui coleg de serviciu, care nu este funcționar public",B
Drept Penal,"67.  În cazul în care o infracțiune sancționată de lege cu închisoarea de la unu la 5 ani este comisă în condițiile unei circumstanțe agravante legale generale și rămâne în forma tentativei (incriminate), este legal aplicată o pedeapsă cu închisoarea de:","A. 6 luni
B. 4 ani
C. 4 ani și 6 luni",A
Drept Penal,"75.  Inculpatul H a pătruns într-o clădire dezafectată, loc în care ştia că se află persoana vătămată F şi a încercat să întreţină raporturi sexuale cu aceasta prin constrângere, însă nereuşind, i-a smuls acesteia telefonul din mână pentru a nu o lăsa să anunţe organele de poliţie, şi l-a aruncat pe geamul clădirii, telefonul mobil spărgându-se, după care inculpatul a fugit de la faţa locului. În sarcina inculpatului se vor reţine în concurs:","A. tentativă la infracţiunea de viol şi infracţiunea de tâlhărie;
B. tentativă la infracţiunea de viol şi tentativă la infracţiunea de tâlhărie;
C. tentativă la infracţiunea de viol şi infracţiunea de distrugere.",C
Drept Penal,63.  În cazul infracţiunii de ucidere a nou-născutului comisă de mamă:,"A. instanţa trebuie să reţină şi circumstanţa agravantă a comiterii faptei profitând de starea de vădită vulnerabilitate a victimei
B. starea de tulburare poate fi determinată de împrejurarea că copilul s-a născut cu malformaţii fizice grave
C. dacă actele de executare au loc în termenul de 24 de ore de la naştere, dar moartea noului-născut intervine după acest termen, se va reţine în sarcina mamei un omor calificat.",B
Drept Penal,63.  Fapta de a aplică o lovitură cu un cuţit în zona gâtului ce a avut drept consecinţă producerea unei plăgi penetrante constituie:,"A. infracţiunea de lovire sau alte violente, dacă gravitatea a fost evaluată la 25 de zile de îngrijiri medicale
B. tentativă la omor, chiar dacă gravitatea a fost evaluată la 25 de zile de îngrijiri medicale
C. vătămare corporală, dacă leziunile traumatice au necesitat 25 de zile de îngrijiri medicale, dar prin raportul de expertiză medico-legală s-a constatat că fapta a pus în pericol viaţă victimei.",B
Drept Penal,66.  În materia influențării declarațiilor:,"A. nu constituie infracţiune înţelegerea patrimonială dintre persoana vătămată și autorul unei tentative la infracțiunea de omor
B. se va reține infracțiunea și dacă B îi oferă o sumă de bani lui C, pârât într-o cauză civilă în care fratele lui B era reclamant, pentru ca C să nu prezinte probe, chiar dacă acesta refuză respectiva sumă și nu dă curs rugăminții lui B
C. infracțiunea se va reține în concurs cu cea de hărțuire, dacă autorul, pentru a determina victima să dea declarații mincinoase într-o cauză penală, o urmărește în mod repetat, fără drept sau interes legitim, cauzându-i astfel o stare de temere",B
Drept Penal,"68.  Potrivit Codului penal, producerea unei pagube este necesară pentru a se putea reține infracțiunea de:","A. distrugere, în varianta constând în distrugerea unui înscris sub semnătură privată, care aparține în tot sau în parte altei persoane și servește la dovedirea unui drept de natură patrimonială
B. furt în scop de folosință, în varianta folosirii unui terminal de comunicații racordat fără drept la o rețea
C. tăinuire, în modalitatea înlesnirii valorificării unui bun",A
Drept Penal,63.  Infracţiunea de vătămare corporală:,"A. în oricare din formele sale, poate fi comisă şi prin inacţiune.
B. poate fi reţinută în concurs formal (ideal) cu infracţiunea de loviri sau vătămări cauzatoare de moarte comisă asupra aceleiaşi victime
C. săvârşită în modalitatea punerii în primejdie a vieţii victimei, este o infracţiune continuă.",A
Drept Penal,"70.  Fapta mecanicului auto care, în perioada în care autoturismul persoanei vătămate se afla în atelierul său pentru reparație, s-a deplasat cu el la munte într-un weekend, iar proprietarului i-a spus că reparaţia nu este încă realizată, constituie infracţiunea de:","A. înșelăciune
B. furt de folosință
C. abuz de încredere",C
Drept Penal,54.  Renunţarea la aplicarea pedepsei:,"A. nu permite luarea vreunei măsuri de siguranţă, deoarece în acest caz instanţa nu individualizează nicio sancţiune
B. nu poate fi dispusă dacă infracţiunea comisă se află în stare de recidivă postcondamnatorie, dar se poate dispune atunci când ea se află în stare de recidivă postexecutorie
C. se poate dispune cu privire la autorul unei infracţiuni, chiar dacă instigatorului şi complicilor li s-au aplicat pedepse.",C
Drept Penal,54.  În cazul infracțiunii de șantaj:,"A. constituie variantă agravată ameninţarea cu darea în vileag a unei fapte imaginare, compromiţătoare pentru un membru de familie al persoanei amenințate, comisă în scopul de a dobândi în mod injust un folos nepatrimonial
B. împăcarea înlătură răspunderea penală
C. mobilul nu prezintă relevanță pentru existența infracțiunii",C
Drept Penal,56.  În cazul circumstanței atenuante a provocării:,"A. actul provocator este întotdeauna o faptă prevăzută de legea penală
B. infracţiunea provocată (riposta) poate fi comisă cu orice formă de vinovăţie
C. dacă instanţa se opreşte asupra pedepsei amenzii, circumstanţa nu produce efecte asupra sumei corespunzătoare unei zile-amendă.",C
Drept Penal,"74.  Maria a primit de la soțul său, Alexandru, un inel de aur despre care acesta i-a spus că l-a luat din casa fratelui său, pe care-l ajuta la zugrăvit, profitând de faptul că la un moment dat se afla singur în locuință. Maria i-a spus să îl returneze, dar acesta nu a fost de acord, afirmând că bijuteria reprezintă echivalentul muncii depuse, fiind sigur că fratele nu-i va da niciun ban. În aceste condiții, Maria a amanetat inelul, iar banii obținuți i-a folosit pentru plata întreținerii. Fapta Mariei:","A. se pedepsește ca infracțiunea de tăinuire
B. se pedepsește ca infracțiunea de favorizarea făptuitorului
C. nu se pedepsește",C
Drept Penal,"59.  Vom fi în prezenţa unei legi de dezincriminare şi atunci când fapta se regăseşte, sub aceeaşi denumire, atât în legea veche, cât şi în legea nouă, dar legea nouă:","A. consacră o cauză de nepedepsire neprevăzută în legea veche şi care este incidentă în speţă
B. coboară limita de vârstă a subiectului pasiv în raport de care fapta constituie infracţiune, iar victima depăşise, la momentul comiterii infracţiunii, respectiva limita
C. prevede că fapta, care anterior se urmărea din oficiu, va fi urmărită doar la plângere prealabilă, iar persoana vătămată declara că nu doreşte să formuleze o astfel de plângere.",B
Drept Penal,"70.  Infracțiunea de părăsirea locului accidentului ori modificarea sau ștergerea urmelor acestuia, săvârșită în modalitatea părăsirii locului accidentului:","A. nu se poate reține niciodată dacă accidentul de circulație s-a comis în desfășurarea unei activități ce constituie prin ea însăși infracțiune
B. poate fi comisă de instructorul auto aflat, la momentul accidentului, în procesul de instruire
C. nu poate fi comisă în forma participației improprii",B
Drept Penal,54.  În cazul unei infracțiuni intenționate pentru care legea prevede pedeapsa detențiunii pe viață alternativ cu închisoarea de la 15 la 25 de ani:,"A. comisă de un minor, se va lua măsura educativă a internării într-un centru de detenție pe o perioadă de la 2 la 5 ani
B. comisă de o persoană cu antecedente penale, se poate reține concomitent starea de recidivă postexecutorie și pluralitatea intermediară
C. comisă de o persoană care a împlinit vârsta de 65 de ani la data săvârșirii, instanța este obligată să aleagă pedeapsa alternativă a închisorii pe o durată de la 15 la 25 de ani",B
Drept Penal,65.  Infracțiunea de lipsire de libertate în mod ilegal:,"A. se va reține în concurs cu infracțiunea de tâlhărie dacă, în urma unei înțelegeri anterioare, X imobilizează victima, ținându-i mâinile strânse la spate, cât timp Y îi caută în geantă banii și telefonul, pe care Y le sustrage
B. este absorbită în infracțiunea de omor calificat dacă făptuitorul răpește victima pentru a o transporta într-o pădure aflată la 8 ore distanță, unde o ucide
C. se reține în variantă agravată dacă, pentru a răpi victima, făptuitorul o amenință cu un cuțit de bucătărie",C
Drept Penal,"64.  Fapta procurorului de a ameninţa persoana care are calitatea de suspect cu întocmirea unui nou dosar penal, pentru o faptă necomisă de aceasta, pentru a o determina să dea o declaraţie de recunoaştere reprezintă:","A. şantaj în concurs cu cercetare abuzivă
B. cercetare abuzivă
C. represiune nedreaptă.",B
Drept Penal,62.  Circumstanța agravantă a săvârșirii infracțiunii de către un infractor major împreună cu un minor:,"A. determină întotdeauna reținerea participației improprii
B. este o circumstanță personală subiectivă
C. în procesul de individualizare a pedepsei se valorifică după starea de recidivă postexecutorie incidentă în cazul aceleiași fapte",C
Drept Penal,55.  Actele de pregătire nu sunt posibile în cazul infracțiunilor:,"A. de pericol
B. din culpă
C. de executare promptă (imediată)",B
Drept Penal,52.  Prin hotărârea prin care instanța dispune amânarea aplicării pedepsei închisorii stabilite pentru o infracțiune:,"A. nu poate dispune măsura de siguranță a confiscării extinse
B. poate dispune renunțarea la aplicarea pedepsei pentru o altă infracțiune, concurentă cu cea pentru care a dispus amânarea aplicării pedepsei
C. poate stabili și pedeapsa complementară a degradării militare pentru respectiva infracțiune",A
Drept Penal,69.  Se va reține în sarcina inculpatului infracțiunea de tâlhărie calificată:,"A. atunci când, pretinzând că este procuror și prezentând o legitimație falsă, îi cere persoanei vătămate să-i predea telefonul mobil, spunându-i că îi este necesar soluţionării unei cauze, iar aceasta remite imediat bunul
B. atunci când, pretinzând că este procuror, îi spune unui vânzător din piață că, dacă nu îi dă pe loc o parte din profitul obținut în acea zi, va dispune împotriva sa măsura preventivă a reţinerii, iar vânzătorul îi remite imediat respectiva sumă de bani
C. atunci când inculpatul este procuror și îi cere persoanei vătămate să îi dea o sumă de bani, spunându-i că altfel va începe urmărirea penală pentru o faptă pe care aceasta o comisese, dacă suma de bani este remisă imediat",B
Drept Penal,72.  Infracţiunea de tulburare a ordinii şi liniştii publice:,"A. nu se poate reţine dacă actele de violenţă sau ameninţare au fost îndreptate împotriva unei singure persoane
B. nu absoarbe infracţiunea de lovire sau alte violențe
C. se poate reţine şi atunci când o persoană, în timpul zilei, se dezbracă complet în piaţa publică din faţă primăriei, în semn de protest faţă de activitatea primarului.",B
Drept Penal,73.  Falsul intelectual:,"A. nu are incriminată tentativa, fiind o infracţiune de pericol
B. se poate reţine în concurs cu infracţiunea de delapidare, atunci când este comis de un angajat al unei bănci cu capital privat
C. absoarbe întotdeauna infracţiunea de uz de fals",B
Drept Penal,"66.  X a încercat să facă o glumă pentru a-şi distra invitaţii la o petrecere şi i-a oferit unuia din ei un scaun căruia îi slăbise în prealabil îmbinările, astfel încât modificarea să nu fie vizibilă, iar cel care se aşeza pe scaun să cadă. V, căruia X i-a oferit scaunul s-a răsturnat, s-a lovit cu capul de piciorul mesei şi a suferit un traumatism cranio-cerebral uşor. Din cauza unor complicaţii intervenite, la 3 săptămâni de la producerea faptei, V a decedat. În sarcina lui X:","A. se va reţine infracţiunea de loviri sau vătămări cauzatoare de moarte
B. se va reţine infracţiunea de ucidere din culpă
C. nu se poate reţine nicio infracţiune pentru că lui V îi aparţine culpa de a nu fi verificat dacă scaunul era solid sau şubred.",A
Drept Penal,71.  Infracţiunea de distrugere:,"A. poate avea ca subiect activ şi pe proprietarul bunului în anumite modalităţi normative
B. nu poate avea ca subiect activ o persoană juridică
C. poate fi absorbită de o infracţiune de furt în scop de folosinţă.",AC
Drept Penal,70.  Infracţiunea de şantaj:,"A. se poate reţine în concurs cu infracţiunea de viol, comisă asupra aceluiaşi subiect pasiv
B. nu se poate reţine decât atunci când autorul urmăreşte obţinerea în mod injust a unui folos patrimoniaL
C. se consumă în momentul în care X îi trimite o scrisoarelui Y în care îi scrie că îi va ucide familia dacă nu renunţă la acţiunea civilă îndreptată împotriva sa, chiar dacă scrisoarea nu mai ajunge la Y",A
Drept Penal,67.  În cazul infracţiunii de represiune nedreaptă:,"A. coautoratul este posibil
B. acţiunea ilicită poate consta şi în continuarea urmăririi penale in personam, ştiind că persoana faţă de care s-a început urmărirea penală este nevinovată
C. sub aspectul laturii subiective, există cerinţă ca fapta să fie săvârşită cu un anumit scop.",A
Drept Penal,"75.  Fapta inculpatului X, mecanic auto, care a primit un motoscuter de la A, cu scopul de a-l repara, iar după ce a efectuat reparația l-a închiriat pentru o zi lui B, contra sumei de 100 de lei, plătită de către acesta din urmă, restituindu-l apoi lui A:","A. nu este prevăzută de legea penală
B. constituie infracțiunea de abuz de încredere, întrucât motoscuterul a fost folosit fără acordul lui A
C. constituie infracțiunea de gestiune frauduloasă, întrucât X nu i-a înmânat lui A suma de 100 de lei obținută din închirierea motoscuterului",B
Drept Penal,55.  Măsura educativă a internării într-un centru educativ:,"A. se aplică în limite reduse la jumătate, dacă infracțiunea a rămas în forma tentativei pedepsibile
B. atrage revocarea suspendării sub supraveghere a executării unei pedepse aplicate pentru o infracțiune comisă de aceeași persoană după majorat, dacă infracțiunea care a atras luarea măsurii educative a fost descoperită în termenul de supraveghere al suspendării
C. luată de instanță pe o perioadă de un an și 6 luni, se prescrie într-un termen de 2 ani",C
Drept Penal,75.  Infracţiunea de lipsire de libertate în mod ilegal:,"A. se reţine în cazul inculpatei care pătrunde în sediul unei maternităţi, şi, fără drept, ia un nou-născut pe care îl ascunde într-o sacoşă şi părăseşte spitalul cu el
B. se reţine în formă agravată ori de câte ori a fost comisă prin folosire de calităţi mincinoase
C. se consumă în momentul în care victima îşi redobândeşte libertatea.",A
Drept Penal,63.  Infracțiunea de luare de mită:,"A. va fi reținută în sarcina expertului judiciar care primește o sumă de bani de la una dintre părțile unei cauze civile pentru a urgenta efectuarea expertizei dispuse de instanță
B. pentru care a fost condamnat primarul unei localități va atrage confiscarea banilor pe care acesta i-a primit de la mituitorul care, înainte de a remite banii, a denunţat fapta de corupție mai înainte ca aceasta să fi fost descoperită
C. nu admite tentativa",C
Drept Penal,59.  Complicitatea intelectuală:,"A. nu poate exista în lipsa unei legături subiective bilaterale între autor și complice
B. poate interveni doar după comiterea actelor de pregătire de către autor
C. este specifică infracțiunilor formale",A
Drept Penal,"58.  La data liberării condiționate, cel condamnat:","A. este supus unor măsuri de supraveghere și respectării unor obligații, dacă pedeapsa aplicată este de doi ani închisoare;
B. este considerat că a executat pedeapsa principală;
C. execută pedeapsa complementară a interzicerii străinului de a se afla pe teritorul României, aplicată prin hotărârea de condamnare.",C
Drept Penal,"66.  Infracţiunea de vătămare corporală din culpă este fapta de lovire sau alte violențe, săvârşită din culpă, dacă prin aceasta s-au produs leziuni traumatice a căror gravitate a fost evaluată prin zile de îngrijiri medicale:","A. între 11 şi 90, indiferent de circumstanţele de săvârşire
B. chiar sub 10 de zile, dacă fapta a fost săvârşită de către o persoană aflată sub influenţă unei substanţe psihoactive
C. de 90 de zile, indiferent de circumstanţele de săvârşire.",B
Drept Penal,"60.  Circumstanţa săvârşirii infracţiunii de către un infractor major, dacă aceasta a fost comisă împreună cu un minor:","A. este o circumstanţă reală
B. se va reţine şi în sarcina minorilor care răspund penal, dacă aceştia au cunoscut sau au prevăzut minoritatea altor participanţi
C. nu se reţine în cazul în care chiar minorul instigă majorul să comită infracţiunea",A
Drept Penal,74.  În cazul infracţiunii de favorizare a făptuitorului;,"A. subiect activ nu poate fi avocatul suspectului sau inculpatului
B. este necesar ca cel favorizat să fie tras la răspundere penală pentru infracţiunea săvârşită
C. ajutorul dat nu trebuie să fie urmarea unei înţelegeri prealabile săvârşirii infracţiunii.",C
Drept Penal,71.  Infracţiunea de tăinuire:,"A. nu poate îmbrăca forma continuată de săvârşire, dacă multiplele acte de ajutor se referă la autori ai unor infracţiuni distincte;
B. este o infracţiune autonomă faţă de infracţiunea din care provin bunurile ce constituie obiectul său material;
C. este comisă în forma continuată atunci când tăinuitorul primeşte un autoturism furat, îl vopseşte şi îl înstrăinează unui terţ.",B
Drept Penal,56.  Până la înlocuirea amenzii cu pedeapsa închisorii în cazul condamnatului care cu rea-credinţă nu execută pedeapsa amenzii:,"A. curge termenul prescripţiei răspunderii penale pentru acea infracţiune
B. se execută pedeapsa complementară a interzicerii exercitării unor drepturi, dacă a fost aplicată prin hotărârea de condamnare
C. comiterea unei noi infracţiuni conduce la reţinerea stării de recidivă postcondamnatorie",B
Drept Penal,63.  Vom fi în prezența unei legi de dezincriminare atunci când în cursul procesului penal intră în vigoare o lege nouă care:,"A. prevede că fapta pentru care inculpatul minor a fost trimis în judecată este tipică doar dacă a fost comisă de un major
B. prevede o cauză de nepedepsire incidentă în speță, care nu era reglementată de legea veche
C. extinde sfera de aplicare a unei cauze justificative generale, astfel încât aceasta devine incidentă cu privire la fapta comisă de inculpat",A
Drept Penal,"70.  În cazul infracţiunii de furt calificat, săvârşit de către o persoană având asupra sa o armă:","A. aceasta trebuie să fie o armă propriu-zisă, nu şi o armă asimilată
B. arma nu trebuie să fie vizibilă, în caz contrar fiind în prezenţa infracţiunii de tâlhărie
C. nu se poate reţine această variantă de săvârşire dacă făptuitorul avea arma asupra sa întâmplător, fără vreo legătură cu săvârşirea infracţiunii de furt.",A
Drept Penal,"72.  Potrivit Codului penal, producerea unor consecințe deosebit de grave:","A. presupune o pagubă materială mai mare de 2.000.000 lei ori moartea sau vătămarea corporală a două sau mai multor persoane
B. determină majorarea limitelor pedepsei pentru infracțiunea de gestiune frauduloasă care a avut o astfel de urmare
C. nu determină majorarea limitelor de pedeapsă în cazul infracțiunii de delapidare",B
Drept Penal,72.  Infracțiunea de fals material în înscrisuri oficiale:,"A. se pedepsește și în forma tentativei
B. se reține în concurs real cu infracțiunea de uz de fals dacă, ulterior falsificării unei diplome de bacalaureat, autorul o arată unui prieten pentru a se lăuda
C. se reține în variantă agravată dacă este săvârşită de un funcţionar public, chiar dacă acesta nu se afla în exerciţiul atribuţiilor de serviciu la momentul comiterii faptei",A
Drept Penal,55.  În structura unui concurs formal (ideal):,"A. nu poate intra o tentativă şi o altă infracţiune în formă consumată
B. nu pot intra două infracţiuni progresive
C. pot intra două infracţiuni, comise fiecare în formă continuată.",C
Drept Penal,57.  Grațierea:,"A. are efecte asupra obligaţiei de a presta o muncă neremunerată în folosul comunităţii, impusă persoanei faţă de care s-a dispus amânarea aplicării pedepsei
B. nu are efecte asupra măsurilor educative privative de libertate, în afară de cazul când se dispune altfel prin actul de graţiere
C. nu are efect asupra pedepselor executate integral",C
Drept Penal,55.  În dreptul penal român infracţiunea comisivă prin omisiune:,"A. poate fi o infracţiune de pericol sau de rezultat
B. se consumă la momentul la care ar fi trebuit comisă acţiunea la care agentul era obligat
C. poate îmbraca forma unei infracţiuni progresive.",C
Drept Penal,60.  În cazul anulării liberării condiționate din executarea pedepsei închisorii în urma condamnării pentru o infracțiune concurentă cu cea pentru care s-a aplicat pedeapsa din executarea căreia condamnatul a fost liberat:,"A. instanța poate dispune suspendarea sub supraveghere a executării pedepsei rezultate din efectuarea contopirii, dacă aceasta nu depășește 3 ani
B. dacă până la rămânerea definitivă a hotărârii de anulare se împlinise termenul de supraveghere al liberării, se va executa doar pedeapsa pentru infracțiunea nou descoperită
C. dacă instanța care a pronunțat anularea dispune din nou liberarea condiționată, termenul de supraveghere se calculează de la data acordării primei liberări",C
Drept Penal,"53.  În termenul de supraveghere al amânării aplicării unei pedepse de 2 ani închisoare, dispuse pentru comiterea unei infracțiuni sancționate de lege cu pedeapsa închisorii de la unu la 5 ani, intervine o lege nouă care prevede, pentru acea faptă, pedeapsa închisorii de la 3 luni la un an sau amenda. În acest caz, în aplicarea legii penale mai favorabile:","A. se poate stabili pedeapsa amenzii în locul pedepsei închisorii
B. pedeapsa stabilită se va reduce în mod obligatoriu la un an închisoare
C. pedeapsa stabilită se va reduce în mod obligatoriu la un an închisoare",C
Drept Penal,69.  Omorul:,"A. nu absoarbe natural actele de vătămare corporală, dacă, după ce luase hotărârea de a ucide victima, autorul îi taie nasul, cauzându-i sluțirea, după care, în aceeași împrejurare, o înjunghie cu un cuțit în zona inimii, provocându-i decesul
B. calificat, săvârșit din interes material se poate reține concomitent cu premeditarea
C. se va reține în sarcina tuturor celor cinci membri ai grupului A, dacă în urma încăierării cu grupul B, compus din opt persoane, X, membru al grupului B, decedează pe loc, ca urmare a înjunghierii de către unul dintre membrii grupului A, rămas neidentificat",B
Drept Penal,"58.  În cazul în care un minor în vârstă de 13 ani îl determină pe un major să comită un furt simplu, însă acesta comite doar o tentativă de furt simplu:","A. majorului nu i se poate reține circumstanța agravantă a săvârșirii infracțiunii împreună cu un minor
B. nu suntem în prezența unei forme de participație improprie reglementate de Codul penal
C. răspunderea penală a minorului va fi înlăturată dacă intervine împăcarea între persoana vătămată și reprezentantul legal al minorului",B
Drept Penal,51.  Reabilitarea de drept:,"A. poate interveni şi în cazul unei pedepse principale pe lângă care s-a luat măsura de siguranţă a confiscării extinse
B. intervine, în cazul unei pedepse de un an şi 6 luni închisoare pentru care s-a dispus amânarea aplicării pedepsei, la 2 ani de la împlinirea termenului de supraveghere al amânării
C. poate opera şi în cazul unei condamnări la o pedeapsa de 4 ani închisoare, pedeapsa care a fost însă graţiată necondiţionat cu jumătate, prin efectul unei legi de graţiere.",A
Drept Penal,65.  Instigarea:,"A. se reține în cazul lui X care, aflând că Y a decis să comită un furt simplu, îl sfătuiește că ar fi mai bine să comită fapta în timpul nopții și, în consecință, Y comite un furt calificat
B. se poate comite cu intenție spontană (repentină)
C. atrage reținerea în sarcina instigatorului a unei tentative de omor atunci când, deși el instigase la uciderea victimei, a fost informat de către autor că victima a supraviețuit tentativei, cu toate că, în realitate, victima decedase pe loc",B
Drept Penal,57.  Renunțarea la aplicarea pedepsei nu se poate dispune:,"A. în cazul săvârșirii unui concurs de infracțiuni;
B. dacă inculpatul a fost anterior condamnat la o pedeapsă de 3 ani închisoare pentru infracțiunea de furt calificat, pentru care se împlinise termenul de reabilitare la data săvârşirii faptei;
C. dacă inculpatul fusese condamnat în urmă cu doi ani la o pedeapsă de 3 ani închisoare pentru infracțiunea de ucidere din culpă.",C
Drept Penal,61.  Amnistia antecondamnatorie intervenită în cursul judecăţii împiedică luarea:,"A. măsurii de siguranţă a confiscării bunurilor produse prin săvârşirea faptei prevăzute de legea penală
B. măsurii de siguranţă a confiscării extinse
C. măsurii educative a asistării zilnice.",BC
Drept Penal,57.  În cazul infracţiunii continue:,"A. este posibil ca aceasta să îmbrace forma unei infracţiuni complexe
B. aceasta poate face obiectul unei amnistii antecondamnatorii dacă este consumată anterior intrării în vigoare a legii de amnistie, dar epuizată ulterior
C. orice întrerupere va conduce în mod necesar la apariţia unei pluralităţi de infracţiuni",A
Drept Penal,"59.  X l-a convins pe Y să îl ucidă pe Z, iar apoi i-a dat un topor cu care să comită fapta. Două zile mai târziu, Y l-a ucis pe Z, dar nu cu toporul primit, ci lovindu-l intenţionat cu autoturismul pe care el îl avea în proprietate, în timp ce victima traversa stradă. În acest caz:","A. dacă, după comiterea faptei, Y a închiriat autoturismul unei firme de taximetrie, se confiscă şi sumele de bani încasate de Y din închiriere până la data rămânerii definitive a hotărârii de condamnare
B. remiterea toporului de către X este un act de complicitate intelectuală (morală), absorbit de instigare
C. autoturismul lui Y nu va fi supus confiscării speciale, întrucât autovehiculele implicate în accidente rutiere nu se confiscă.",B
Drept Penal,73.  Suntem în prezența unei participații improprii reglementate de Codul penal:,"A. dacă autorul acționează din culpă, iar complicele se află într-o eroare culpabilă cu privire la caracterul ilicit al faptei
B. dacă instigatorul acționează cu intenție, iar instigatul este un minor în vârstă de 17 ani care comite o infracțiune intenționată
C. dacă autorul comite infracțiunea cu intenție, iar cel care înlesnește săvârșirea acesteia acționează sub imperiul unei erori culpabile (vincibile) asupra unui element constitutiv al infracțiunii",A
Drept Penal,"62.  Săvârșirea unei infracțiuni în cursul termenului de supraveghere al condamnării la pedeapsa de 1 an închisoare cu suspendarea executării pentru infracțiunea de furt, atrage după sine:","A. reținerea stării de recidivă postcondamnatorie, întrucât noua faptă a fost comisă ca urmare a incendierii autovehiculului victimei în scop de răzbunare, pentru că aceasta îi ocupase locul de parcare și sunt întrunite condițiile limitei de pedeapsă
B. reținerea stării de recidivă postexecutorie, întrucât, în cazul suspendării sub supraveghere a executării pedepsei, aceasta se consideră executată din momentul rămânerii definitive a hotărârii de condamnare
C. aplicarea obligatorie a unui spor de pedeapsă",C
Drept Penal,68.  În cazul infracţiunii de incest:,"A. nu este posibilă participaţia penală;
B. forma de vinovăţie poate fi şi culpa;
C. sunt realizate elementele de tipicitate şi în cazul în care subiecţii activi sunt numai fraţi consangvini (după tată).",C
Drept Penal,60.  În cazul reținerii circumstanțelor agravante:,"A. limitele de pedeapsă prevăzute de lege pentru infracțiunea comisă se majorează cu jumătate;
B. limita minimă a pedepsei prevăzute pentru infracțiunea săvârșită nu se modifică;
C. limitele de pedeapsă prevăzute de lege pentru infracțiunea comisă se majorează cu o treime.",B
Drept Penal,74.  Infracţiunea de furt:,"A. se reţine atunci când X, bijutier, după ce primeşte de la Y o pereche de cercei din aur pentru a fi reparaţi, îi restituie ulterior lui Y o pereche de cercei aparent identici, care însă erau doar placaţi cu aur
B. nu se poate reţine niciodată în sarcina unui funcţionar bancar care sustrage bani din seiful băncii
C. se  reţine atunci când clientul unui hotel pleacă acasă cu 50 de sticluţe sigilate cu săpun lichid pe care le ia din magazia hotelului",C
Drept Penal,54.  În cazul complicității intelectuale (morale):,"A. contribuția complicelui poate consta într-o omisiune
B. răspunderea complicelui este exclusă atunci când, cu privire la autor, s-a reținut excesul neimputabil în legitimă apărare
C. nu se poate dispune măsura de siguranţă a confiscării speciale a unor bunuri aparţinând complicelui, destinate a fi folosite la comiterea faptei",A
Drept Penal,"66.  Avocatul X a virat prin transfer bancar în conturile personale o sumă de bani transferată din greşeală de către o societate în contul cabinetului de avocatură al avocatului X, unitatea bancară comunicând acestuia faptul că suma de bani a fost virată din eroare în contul cabinetului de avocatură. Avocatul X nu a restituit suma de bani, apreciind că este vorba despre un litigiu civil, ce urmează a fi soluţionat de instanţa civilă. În sarcina inculpatului (avocatul X):","A. se va reţine infracţiunea de însuşire a bunului găsit, prevăzută de art. 243 alin. 2 Cod penal;
B. se va reţine infracţiunea de furt, prevăzută de art. 228 alin. 1 Cod penal;
C. nu se poate reţine nicio infracţiune, fiind vorba despre un litigiu civil având ca obiect o plată nedatorată.",A
Drept Penal,"60.  X a fost condamnat la o pedeapsă de 3 ani închisoare pentru comiterea, asupra unei victime majore, a unei infracţiuni intenţionate pentru care legea prevedea pedeapsa închisorii de la unu la 5 ani. În cursul executării a intrat în vigoare o lege nouă, care prevede pentru infracţiunea respectivă pedeapsa închisorii de la 6 luni la 3 ani sau amendă. În acest caz:","A. dacă pe lângă pedeapsa aplicată s-a luat şi măsura de siguranţă a confiscării extinse, aceasta va fi înlăturată, nemaifiind îndeplinite condiţiile pentru dispunerea ei
B. pedeapsa aplicată poate fi înlocuită cu amendă, dacă instanţa apreciază că această pedeapsă este suficientă pentru reeducarea condamnatului, ţinând seama şi de partea executată din pedeapsa închisorii
C. dacă legea nouă prevede că fapta constituie infracţiune doar dacă a fost comisă asupra unui minor, pedeapsa de 3 ani aplicată nu mai poate constitui prim termen al unei recidive.",C
Drept Penal,65.  Infracţiunea de ultraj:,"A. se poate reţine în concurs formal (ideal) cu o infracţiune de ultraj judiciar
B. se poate comite şi printr-o faptă cu efect vădit intimidant care nu este prevăzută de legea penală
C. se reţine şi atunci când autorul exercită violențe asupra unei persoane ce nu are calitatea de funcţionar public sau vreo legătură cu acesta, pe care o confundă însă cu funcţionarul pe care dorea să se răzbune.",A
Drept Penal,61.  În cazul complicităţii intelectuale (morale):,"A. legătura subiectivă dintre autor şi complice se poate stabili şi ulterior consumării infracţiunii progresive, dar înainte de epuizarea acesteia
B. dacă autorul se desistă complicele nu va mai fi sancţionat, afară de cazul în care actele îndeplinite de autor până în momentul desistării constituie o altă infracţiune
C. dacă complicele împiedică consumarea infracţiunii, instigatorul va răspunde pentru o tentativă în măsura în care aceasta este incriminată.",C
Drept Penal,64.  Se va reține săvârșirea unei infracțiuni de omor în formă consumată:,"A. în cazul în care un conducător auto a accidentat din neatenție victima, care se deplasa legal cu bicicleta pe carosabil, iar apoi, constatând că aceasta se află în stare de inconștiență în şanţ, a abandonat-o și a părăsit locul accidentului, raportul de expertiză arătând că suferise leziuni incompatibile cu viaţa, iar	decesul a survenit la câteva minute după impact
B. în cazul în care, dorind să facă o glumă, inculpatul, care nu ştia să înoate, a împins victima în apa adâncă a unui râu, într-o zonă în care nu se aflau alte persoane, deşi cunoştea că nici aceasta nu știe să înoate, dacă victima a decedat prin înec
C. în sarcina medicului care a prescris un tratament medicamentos victimei, peste doza de administrare normală, dacă prospectul medicamentului nu prevedea reacții severe în caz de supradozaj, iar în trecut această modalitate de tratament s-a dovedit eficientă, dacă victima a decedat din această cauză",B
Drept Penal,58.  Complicitatea materială:,"A. este posibilă doar în cazul infracțiunilor materiale
B. poate fi realizată și prin omisiune
C. poate fi reținută și în sarcina unei persoane juridice",B
Drept Penal,"69.  Victima infracţiunii, care, în calitate de persoană vătămată în procesul penal declanşat în urmă sesizării din oficiu a organelor de urmărire penală, face declaraţii necorespunzătoare adevărului, în scopul exonerării de răspundere a inculpatului, săvârșeste infracţiunea de:","A. favorizare a făptuitorului
B. mărturie mincinoasă
C. inducere în eroare a organelor judiciare.",A
Drept Penal,68.  În cazul infracțiunilor de luare de mită și trafic de influență:,"A. elementul material poate consta și în acceptarea promisiunii unor foloase materiale, indirect, pentru o altă persoană decât autorul
B. subiectul activ este necircumstanțiat (general)
C. nu se poate dispune confiscarea bunurilor pretinse de autor, dacă ulterior acestea nu au fost primite",A
Drept Penal,"74.  X i-a remis o suma de bani lui G, grefier, care i-a promis că va interveni pe lângă judecător pentru obţinerea unei soluţii favorabile în cauza în care X avea calitatea de inculpat. În acest caz:","A. în sarcina lui G se va reţine infracţiunea de complicitate la dare de mită
B. fapta lui X nu reprezintă infracţiune, dacă acesta denunţă fapta mai înainte ca organul de urmărire penală să fi fost sesizat cu aceasta
C. în sarcina lui G se va reţine infracţiunea de trafic de influenţă.",C
Drept Penal,71.  Infracţiunea de tâlhărie:,"A. se poate reţine în concurs formal cu infracţiunea de furt, cu privire la acelaşi obiect material
B. se reţine în concurs cu infracţiunea de loviri şi alte violenţe în sarcina lui X care, găsindu-l pe Y adormit, i-a sustras telefonul din buzunar, iar când Z, aflat în apropiere, a încercat să îl împiedice să plece cu telefonul, i-a aplicat lui Z un pumn
C. se va reţine în formă calificată în sarcina lui X, care pătrunde fără drept în sediul unei persoane juridice, de unde, prin exercitarea de violenţe asupra paznicului, sustrage mai multe bunuri",C
Drept Penal,"61.  Pentru a înlătura imputabilitatea faptei, intoxicația:","A. este suficient să existe la momentul comiterii acțiunii, în cazul unei infracțiuni progresive
B. este suficient să existe la momentul epuizării, în cazul infracțiunii continue
C. trebuie să fie rezultatul unei acțiuni intenționate a altei persoane decât autorul faptei",A
Drept Penal,69.  Infracţiunea de violare de domiciliu:,"A. permite reţinerea circumstanţei agravante generale a săvârşirii faptei de trei sau mai multe persoane împreună
B. se reţine şi în cazul pătrunderii în domiciliu atunci când are loc cu consimţământul persoanei care locuieşte acolo
C. se reţine şi atunci când X pătrunde într-o livadă la intrarea căreia se găseşte un panou de atenţionare prin care se interzice accesul",A
Drept Penal,56.  Termenul de prescripție a executării pedepsei:,"A. în cazul amenzii, se întrerupe prin înlocuirea obligației de plată cu prestarea unei munci neremunerate în folosul comunității
B. curge în paralel cu termenul de reabilitare în cazul pedepsei amenzii
C. în cazul unei pedepse grațiate cu jumătate, antecondamnatoriu şi necondiționat, se calculează în raport de partea negrațiată din pedeapsă",A
Drept Penal,"65.  X i-a smuls din mâna lui V telefonul mobil, în timp ce acesta din urmă vorbea la telefon. Pentru că V a început să ţipe după ajutor, X i-a aplicat o lovitură de cuţit în zona abdominală şi a fugit cu telefonul sustras. V a decedat la scurt timp din cauza hemoragiei masive. În sarcina lui X se va reţine:","A. omor în concurs cu infracţiunea de furt, având în vedere faptul că la momentul săvârşirii omorului infracţiunea de furt era deja consumată
B. omor calificat comis pentru a ascunde săvârşirea unei infracţiuni în concurs cu infracţiunea de furt
C. omor calificat comis pentru a ascunde săvârşirea unei infracţiuni în concurs cu infracţiunea de tâlhărie.",C
Drept Penal,56.  Desistarea:,"A. nu se poate realiza prin acţiune
B. poate interveni oricând din momentul începerii actelor de executare şi până în momentul consumării infracţiunii
C. nu este posibilă în cazul infracţiunii de luare de mită.",C
Drept Penal,59.  Reabilitarea de drept:,"A. poate interveni după expirarea termenului de supraveghere a amânării aplicării pedepsei, dacă nu s-a dispus anularea sau revocarea amânării aplicării pedepsei
B. poate interveni în cazul condamnării la pedeapsa de 3 ani închisoare a cărei executare a fost suspendată sub supraveghere
C. nu poate interveni în cazul neachitării obligațiilor civile de către cel condamnat la pedeapsa de 2 ani închisoare",B
Drept Penal,52.  Amenda care însoţeşte pedeapsa închisorii:,"A. nu poate fi executată prin muncă neremunerată în folosul comunității
B. se poate aplica chiar dacă folosul material obţinut de infractor din comiterea faptei face obiectul confiscării speciale dispuse prin aceeaşi hotărâre
C. se prescrie întotdeauna în termen de 3 ani de la data rămânerii definitive a hotărârii de condamnare.",B
Drept Penal,58.  Infracţiunea comisivă prin omisiune:,"A. exclude existenţa tentativei
B. permite participaţia penală sub forma complicităţii
C. are întotdeauna subiect activ calificat",B
Drept Penal,"51.  Se va aplica, în mod obligatoriu, în cazul unei infracțiuni comise sub legea veche care o sancționa cu pedeapsa închisorii de la unu la 5 ani, o lege nouă care:","A. intră în vigoare după rămânerea definitivă a hotărârii de condamnare și introduce prevederea potrivit căreia împăcarea înlătură răspunderea penală pentru infracțiunea respectivă
B. intră în vigoare după rămânerea definitivă a hotărârii de condamnare a inculpatului la 3 ani închisoare și modifică pedeapsa pentru respectiva infracțiune, prevăzând că aceasta se pedepsește cu închisoare de la 6 luni la 3 ani alternativ cu amenda
C. intră în vigoare după rămânerea definitivă a hotărârii de condamnare și prevede că fapta constituie infracțiune doar dacă a fost comisă în mod repetat, condiție neprevăzută de legea veche și neîntrunită în cazul faptei care a atras condamnarea",C
Drept Penal,61.  Dacă se comite o infracţiune de ucidere din culpă în formă agravată pentru care legea prevede pedeapsa închisorii de la 2 la 7 ani:,"A. de către un infractor major în timpul executării măsurii internării într-un centru educativ se va reţine pluralitatea intermediară
B. de către un infractor minor, instanţa va putea lua măsura internării într-un centru de detenţie pe o durată de cel mult 5 ani
C. pedeapsa de un an închisoare aplicată de instanţa sesizată cu un acord de recunoaştere a vinovăţiei este legală",B
Drept Penal,66.  Constituie:,"A. infracțiunea de abuz de încredere fapta lui X, care prezentându-se în mod nereal electronist, primește două televizoare de la Y spre a le repara, după care le vinde și își însușește banii obținuți
B. între altele, infracțiunea de înșelăciune în formă agravată, fapta lui X, care prezintă băncii o adeverință de salariat emisă de societatea R SRL, deși în realitate nu era angajat, în acest fel obținând un credit bancar pe care nu l-a mai achitat
C. infracțiunea de abuz de încredere fapta lui X, care, angajată la o casă de modă, își însușește mai multe țesături de calitate, pe care le duce în atelierul său de acasă, folosindu-le pentru clientele proprii",B
Drept Penal,72.  Infracțiunea de inducere în eroare a organelor judiciare:,"A. săvârşită în modalitatea ticluirii sau producerii de probe nereale în scopul de a dovedi existenţa infracţiunii pentru care inculpatul este cercetat, poate fi reţinută în sarcina procurorului care efectuează urmărirea penală în cauză
B. se va reține în variantă agravată, dacă legea prevede pentru infracțiunea la care se referă sesizarea, pedeapsa închisorii mai mare de 20 de ani sau detențiunea pe viață
C. poate fi pedepsită chiar dacă față de persoana la care se referă sesizarea nu s-a dispus o măsură preventivă sau punerea în mișcare a acțiunii penale",C
Drept Penal,"59.  A i-a determinat pe B şi C să comită un furt din casa victimei, profitând de absenţa acesteia. B a pătruns în curte, iar C a rămas de pază în stradă. Pe când B încerca să deschidă uşa locuinţei, a fost imobilizat de poliţie, chemată de C, care a fost cuprins de remuşcări. În acest caz:","A. B va răspunde penal doar pentru infracţiunea de violare de domiciliu
B. pentru C va fi incidenţă cauza de nepedepsire a împiedicării săvârşirii infracţiunii
C. cauza de nepedepsire se va răsfrânge şi asupra lui A, în măsura în care acesta a cunoscut-o sau a prevăzut-o",B
Drept Penal,72.  lnfracţiunea de trafic de influenţă:,"A. se reţine în sarcina unui primar care cere o sumă de bani pentru a elibera mai repede o autorizaţie de construire
B. se reţine chiar dacă autorul nu indică explicit numele funcţionarului asupra căruia urmează să îşi traficheze influenţa
C. nu se reţine în sarcina lui X, care ii spune lui Y să transfere în contul amantei sale suma de bani pe care i-a pretins-o pentru exercitarea influenţei asupra unui funcţionar",B
Drept Penal,"71.  În cazul revocării liberării condiționate din executarea pedepsei detențiunii pe viață ca urmare a comiterii, de către condamnatul în vârstă de 50 de ani, a unei noi infracțiuni în termenul de supraveghere, infracțiune pentru care instanța aplică pedeapsa închisorii:","A. revocarea este facultativă dacă noua infracțiune este din culpă
B. pedeapsa rezultantă se determină prin cumul juridic între noua pedeapsă și termenul de supraveghere al liberării condiționate (10 ani)
C. pedeapsa principală rezultantă nu se stabilește potrivit sistemului cumulului aritmetic",C
Drept Penal,60.  În cazul unui concurs caracterizat cu conexitate etiologică:,"A. un act de procedură îndeplinit cu privire la infracţiunea scop întrerupe întotdeauna şi cursul prescripţiei răspunderii penale în cazul infracţiunii mijloc
B. dacă infracţiunea mijloc este expres exceptată de la aplicabilitatea unei legi de amnistie, legea respectivă nu va putea fi aplicată nici în cazul infracţiunii scop
C. nu se poate dispune renunţarea la aplicarea pedepsei în cazul infracţiunii mijloc dacă infracţiunea scop, judecată în aceeaşi cauză, nu îndeplineşte condiţiile de aplicare a renunţării.",C
Drept Penal,75.  În cazul infracţiunii de act sexual cu un minor nu este posibilă reţinerea:,"A. circumstanței agravante a comiterii infracţiunii de un major împreună cu un minor
B. tentativei perfecte
C. participaţiei improprii.",B
Drept Penal,"65.  Inculpatul A, cu sprijinul inculpatului B care i-a deschis uşa blocului prevăzută cu interfon, a pătruns fără drept, împreună cu inculpatul C, prin distrugerea sistemului de închidere a uşii de acces în apartamentul lui X, şi a răvăşit bunurile lui X împreună cu ceilalţi doi inculpaţi în vederea sustragerii unor obiecte sau înscrisuri, părăsind însă imobilul fără a sustrage nici un bun, negăsind niciun bun de valoare. Fapta lui A constituie:","A. tentativă la infracţiunea de furt calificat comisă prin efracţie şi violare de domiciliu, de trei persoane împreună, prevăzută de art. 32 alin. 1 Cod penal raportat la art. 228 alin. 1 Cod penal - art. 229 alin. 1 lit. d, alin. 2 lit. b Cod penal cu aplicarea art. 77 lit. a Cod penal;
B. tentativă la infracţiunea de furt calificat comisă prin efracţie şi violare de domiciliu, de trei persoane împreună, prevăzută de art. 32 alin. 1 Cod penal raportat la art. 228 alin. 1 Cod penal - art. 229 alin. 1 lit. d, alin. 2 lit. b Cod penal cu aplicarea art. 77 lit. a Cod penal, în concurs cu infracţiunea distrugere comisă de trei persoane împreună, prevăzută de art. 253 alin. 1 Cod penal cu aplicarea art. 77 lit. a Cod penal;
C. doar infracţiunea de distrugere, comisă de trei persoane împreună, prevăzută de art. 253 alin. 1 Cod penal cu aplicarea art. 77 lit. a Cod penal, întrucât făptuitorii s-au desistat, nesustrăgând niciun bun.",A
Drept Penal,73.  Infracţiunea de violare de domiciliu:,"A. poate îmbraca forma unei infracţiuni continue comisă în formă continuată
B. poate avea că subiect activ chiar pe proprietarul imobilului
C. este întotdeauna absorbită de furtul calificat comis prin efracţie.",AB
Drept Penal,59.  Revocarea liberării condiţionate din executarea pedepsei detențiunii pe viaţă:,"A. se dispune obligatoriu ori de câte ori infracţiunea comisă şi descoperită în termenul de supraveghere este intenţionată
B. are că efect aplicarea unei pedepse rezultante compusă din pedeapsa pentru infracţiunea ce a atras revocarea liberării plus un rest de pedeapsă egal cu durata termenului de supraveghere (10 ani)
C. nu se dispune chiar dacă persoana condamnată nu a îndeplinit, cu rea-credinţă, obligaţiile civile stabilite prin hotărârea de condamnare.",C
Drept Penal,55.  Acţionează în condiţiile stării de necesitate:,"A. mama care ameninţă medicul de la spital pentru că acesta i-a lovit copilul în timp ce îl examina
B. turistul care, fiind atacat de un urs, intră prin efracţie în cabana unui pădurar, în încercarea de a scăpa
C. tatăl care comite furtul la care a fost obligat de cel care îi răpise copilul şi care ameninţa că va ucide copilul dacă furtul nu va fi săvârşit",B
Drept Penal,62.  Infacțiunile de viol și agresiune sexuală:,"A. au același element material
B. pot fi reținute în concurs real, chiar dacă sunt comise împotriva aceluiași subiect pasiv
C. se rețin în variantă agravată atunci când au fost comise față de un minor, chiar dacă autorul nu are antecedente penale",B
Drept Penal,68.  Infracțiunea de furt calificat:,"A. se va reține în sarcina inculpatului care, observând că vecinul său a uitat descuiată maşina în care ştia că acesta dormea de o lună de zile, de când rămăsese fără casă, în urma unui incendiu, a pătruns în interiorul autoturismului, de unde a sustras mai multe bunuri de valoare
B. se va reține în sarcina inculpatului care, aflându-se în sediul unei bănci la ora prânzului pentru o operaţiune de schimb valutar, profitând de neatenţia unui angajat al băncii, îi sustrage acestuia telefonul mobil aflat pe birou
C. nu se va reține în sarcina angajatului unui hotel care, într-o după-amiază, primind de la un client cheia mașinii acestuia pentru a o parca, în timp ce conducea spre garaj, a sustras bunuri din respectivul autoturism",A
Drept Penal,64.  Proprietarul exclusiv al unui bun nu poate fi autor al infracțiunii de:,"A. tulburare de posesie
B. furt urmăribil la plângerea prealabilă a persoanei vătămate
C. distrugere în forma de bază",C
Drept Penal,"68.  Spre deosebire de infracțiunea de amenințare, infracțiunea de șantaj:","A. este calificată prin scop
B. este o infracțiune de pericol
C. presupune întotdeauna obținerea efectivă a unui folos patrimonial sau nepatrimonial injust",A
Drept Penal,56.  În cazul măsurii educative a internării într-un centru de detenție:,"A. instanța poate dispune, în anumite condiții, ca executarea să se realizeze de la început într-un penitenciar
B. se poate dispune înlocuirea măsurii educative cu pedeapsa închisorii pe durata rămasă neexecutată dacă minorul față de care s-a luat măsura are un comportament necorespunzător în centrul de detenție
C. executarea se prescrie într-un termen egal cu jumătatea termenului de prescripție prevăzut de lege pentru pedeapsa închisorii cu aceeași durată",A
Drept Penal,"64.  X îşi duce autoturismul la o spălătorie auto şi îl încredinţează lui Y, angajat al spălătoriei, pentru a fi curăţat, urmând ca X să revină după două ore pentru a-l recupera. în acest timp, Y ia autoturismul şi se deplasează împreună cu prietena sa într-o localitate aflată la 30 de km, iar când se întoarce îi spune lui X că maşina a stat tot timpul la spălătorie, dar nu a putut fi spălată încă din cauza unei pene de curent. În acest caz, Y poate răspunde pentru:","A. un furt de folosinţă
B. un abuz de încredere
C. o înşelăciune.",B
Drept Penal,"59.  În cazul infracțiunii comisive prin omisiune, obligația de a acționa:","A. nu poate reveni unei persoane care nu are capacitate deplină de exercițiu
B. poate fi doar o obligație legală în cazul în care subiectul activ este un minor care răspunde penal
C. poate privi și protecția unei valori sociale ce nu aparține unei persoane fizice",C
Drept Penal,"61.  Confiscarea specială se poate dispune în parte, prin echivalent, în cazul bunurilor:","A. folosite la săvârșirea unei infracțiuni prin presă
B. a căror deținere este interzisă de legea penală
C. aparținând unui complice, folosite imediat după comiterea infracțiunii pentru a asigura scăparea autorului",C
Drept Penal,53.  În cazul legitimei apărări prezumate:,"A. prezumţia operează doar în favoarea autorului faptei comise în apărare, nu şi în favoarea participanţilor
B. nu se poate lua faţă de autorul faptei comise în apărare măsură de siguranţă a obligării la tratament medical, chiar dacă s-a constatat că suferă de o boală care îl face periculos pentru societate
C. atacul poate consta şi în pătrunderea, în timpul nopţii, în locuinţa altei persoane, profitând de faptul că aceasta a uitat deschisă uşa de acces în locuinţă.",BC
Drept Penal,"54.  O infracţiune intenţionată sancţionată de lege cu pedeapsa închisorii de la 6 luni la 2 ani sau cu amendă, pentru care instanţa a stabilit în concret pedeapsa amenzii, determină apariţia unei pluralităţi intermediare atunci când este comisă:","A. în termenul de supraveghere al amânării aplicării unei pedepse de un an închisoare stabilită pentru o vătămare corporală din culpă
B. în termenul de prescripţie a executării unei pedepse de un an închisoare aplicată pentru o infracţiune de furt
C. în termenul de reabilitare pentru o condamnare de 3 ani închisoare aplicată pentru o vătămare corporală din culpă.",B
Drept Penal,51.  Împăcarea:,"A. împiedică luarea măsurii de siguranță a confiscării extinse în raport de infracțiunea în privința căreia a intervenit
B. nu mai poate interveni în cursul urmăririi penale dacă anterior a intrat în vigoare o lege care grațiază total și necondiționat pedepsele cel mult egale cu maximul special al pedepsei prevăzute de lege pentru infracțiunea comisă de inculpat
C. în cazul în care persoana vătămată este un minor, produce efecte doar dacă este însușită de procuror",A
Drept Penal,"57.  În timpul executării unei pedepse de 2 ani închisoare, aplicată pentru o infracțiune pentru care legea prevedea ca sancțiune unică pedeapsa închisorii de la 6 luni la 3 ani, intervine o lege nouă care prevede pentru infracțiunea respectivă pedeapsa închisorii de la 3 luni la un an alternativ cu amenda. În acest caz, este legală hotărârea prin care instanța:","A. dispune aplicarea maximului special al amenzii din legea nouă în locul pedepsei cu închisoarea
B. reduce pedeapsa de 2 ani închisoare la o treime din aceasta, proporțional cu reducerea maximului special prin legea nouă
C. respinge cererea condamnatului de a se dispune suspendarea sub supraveghere a executării pedepsei reduse potrivit legii noi",C
Drept Penal,53.  Vom fi în prezența unei pluralități intermediare dacă autorul comite o infracțiune din culpă:,"A. în termenul de reabilitare judecătorească aferent condamnării pentru o infracțiune intenționată comisă anterior
B. în termenul de supraveghere al amânării aplicării pedepsei dispuse pentru o infracțiune intenționată
C. în timpul executării pedepsei închisorii care a înlocuit o pedeapsă cu amenda aplicată pentru o infracțiune intenționată",C
Drept Penal,55.  Împăcarea părților nu este posibilă în cazul infracțiunii de:,"A. gestiune frauduloasă
B. însușirea bunului găsit sau ajuns din eroare la făptuitor
C. abuz de încredere",AC
Drept Penal,"51.  Condamnarea inculpatului, printr-o hotărâre rămasă definitivă la 30 ianuarie 2014 la o pedeapsă de 12 ani închisoare, orientată spre mediul prevăzut de lege, pentru infracțiunea de tâlhărie săvârșită în timpul nopții:","A. este nelegală, deoarece tâlhăria săvârșită timpul nopții se pedepsește cu închisoare de la 3 la 10 ani, conform actualului Cod penal
B. impune aplicarea dispozițiilor legale privind aplicarea legii penale în timp, în ceea ce privește cuantumul pedepsei
C. poate fi reexaminată în calea ordinară de atac exercitată împotriva hotărârii de condamnare, astfel încât pedeapsa să fie redusă la 10 ani închisoare",B
Drept Penal,68.  În cazul infracţiunii de corupere sexuală a minorilor:,"A. elementul material al infracţiunii poate consta şi în punerea la dispoziţa oricărui minor de materiale cu caracter pornografic
B. pluralitatea de subiecţi pasivi atrage reţinerea unui concurs de infracţiuni
C. în niciuna dintre variante nu interesează mobilul sau scopul săvârșirii infracțiunii",B
Drept Penal,"64.  Fapta inculpatei X care i-a aplicat fiului său Z, în vârstă de 2 luni, lovituri repetate pe toată suprafaţa corpului care au determinat contuzii cerebrale, hematom epicranian, leziuni ischemice cerebrale şi au pus în primejdie viaţa victimei, fiind necesare circa 80 zile de îngrijiri medicale, întruneşte elementele constitutive:","A. ale infracţiunii de vătămare corporală prevăzută de art. 194 alin. 1 lit. e Cod penal (prin punerea în primejdie a vieţii persoanei) raportat la art. 199 alin. 1 Cod penal (referitor la comiterea faptei asupra unui membru de familie);
B. ale tentativei la infracţiunea de omor prevăzută de art. 32 alin. 1 Cod penal rap. la art. 188 Cod penal, cu aplicarea art. 199 alin. 1 Cod penal (referitor la omorul comis asupra unui membru de familie);
C. ale tentativei la infracţiunea de ucidere a nou-născutului prevăzută de art. 32 alin. 1 Cod penal rap. la art. 200 alin. 1 Cod penal.",B
Drept Penal,54.  Amânarea aplicării pedepsei:,"A. nu poate fi dispusă niciodată în cazul pedepsei amenzii
B. nu va fi dispusă în cazul persoanei care comite infracţiunea în timpul minorităţii, dar este judecată pentru aceasta ulterior împlinirii vârstei de 18 ani
C. permite dispunerea măsurii de siguranţă a confiscării extinse faţă de inculpat",B
Drept Penal,51.  Tentativa nu este posibilă la infracțiunile:,"A. săvârșite din culpă cu prevedere;
B. de obicei;
C. care au obiect material.",AB
Drept Penal,66.  Infracţiunea de ucidere din culpă:,"A. nu se poate reţine în concurs formal cu o altă infracţiune de ucidere din culpă
B. în forma de bază nu se poate reţine niciodată în sarcina unei persoane care are calitatea de medic salariat la un spital
C. comisă ca urmare a nerespectării dispoziţiilor legale ori măsurilor de prevedere pentru exerciţiul unei profesii se reţine întotdeauna în concurs formal cu infracţiunea de neglijenţă în serviciu",A
Drept Penal,62.  În cazul persoanei juridice:,"A. este posibil ca în raport de acelaşi rezultat prevăzut de legea penală, să se reţină culpa în cazul persoanei fizice şi intenţia în cazul persoanei juridice
B. nu este posibilă angajarea răspunderii penale fără tragerea la răspundere penală a vreunei persoane fizice
C. o instituţie publică de învăţământ superior nu poate răspunde penal niciodată",A
Drept Penal,"73.  Lovirea de către organul de cercetare penală a unei persoane chemate să spună ceea ce știe despre furtul comis în noaptea precedentă la vecinul său, constituie:","A. infracțiunea de cercetare abuzivă, întrucât martorul a refuzat să dea declarații pentru a evita ca polițistul să afle că și el participase la furtul respectiv
B. infracțiunea de purtare abuzivă, întrucât lucrătorul de poliție avea în lucru dosarul respectiv
C. infracțiunea de influențare a declarațiilor, întrucât martorul avea obligația să declare tot ce știe în legătură cu faptele și împrejurările despre care a fost întrebat",B
Drept Penal,"75.  În cazul în care, cu prilejul întocmirii unui raport de expertiză judiciară, expertul inserează în cuprinsul acestuia aspecte care nu corespund adevărului, cu scopul de a determina achitarea inculpatului, la rugămintea acestuia din urmă:","A. în sarcina expertului se va reține infracțiunea de mărturie mincinoasă
B. în sarcina inculpatului se va reține infracțiunea de influenţare a declaraţiilor
C. în sarcina expertului se va reține infracțiunea de favorizarea făptuitorului în concurs cu infracţiunea de fals intelectual",A
Drept Penal,72.  Infracţiunea de uz de fals:,"A. poate fi comisă de o persoană juridică
B. este absorbită în infracţiunea de fals material în înscrisuri oficiale, atunci când este săvârşită de autorul falsului
C. este absorbită în infracţiunea de fals în înscrisuri sub semnătură privată, atunci când este săvârşită de autorul falsului.",AC
Drept Penal,"65.  X, nemulțumit de faptul că avocatul său nu i-a efectuat o apărare corespunzătoare în cadrul procesului penal în care a avut calitatea de inculpat, la ieșirea din sediul instanței, l-a așteptat pe acesta, i-a dat un pumn în față, moment în care avocatul, aflat pe scări, s-a dezechilibrat și a căzut, lovindu-se cu capul de treptele scărilor. Deși a fost transportat la spital, unde a primit îngrijiri medicale de urgență, avocatul a decedat. Fapta lui X constituie infracțiunea de:","A. loviri sau vătămări cauzatoare de moarte
B. ultraj judiciar
C. ucidere din culpă",B
Drept Penal,73.  În cazul infracţiunii de fals intelectual:,"A. falsificarea poate fi concomitentă sau ulterioară întocmirii unui înscris
B. subiectul activ poate fi un medic angajat cu contract de muncă într-o unitate spitalicească din sistemul public de sănătate
C. utilizarea ulterioară a înscrisului de către o persoană care cunoaşte că este fals realizează condiţiile de tipicitate ale infracţiunii de uz de fals.",BC
Drept Penal,58.  Termenul de prescripţie a executării pedepsei:,"A. în cazul concursului de infracțiuni se calculează în raport cu pedeapsa rezultantă
B. curge de la data pronunțării sentinței de condamnare la pedeapsa închisorii, dacă aceasta nu a fost atacată cu apel
C. se calculează, în cazul grațierii parțiale, în raport cu restul de pedeapsă ce a mai rămas de executat",AC
Drept Penal,66.  Infracţiunea de viol se reţine în formă agravată întotdeauna când:,"A. autorul pretinde, în mod nereal, că este noul director al liceului şi că o va exmatricula pe victimă, elevă în vârstă de 17 ani, dacă nu întreţine cu el un raport sexual, victima fiind astfel constrânsă să accepte cererea
B. victima era însărcinată, fapt cunoscut de autor, iar comiterea violului a avut ca urmare pierderea sarcinii
C. victima este un membru de familie al autorului.",B
Drept Penal,"69.  Inculpata A a încheiat un contract de împrumut cu partea civilă B, prin care inculpata A a împrumutat de la partea civilă B suma de 36.000 lei pentru un an. La momentul încheierii contractului de împrumut, inculpata A a prezentat părţii civile B un contract de vânzare-cumpărare ce atesta dreptul de proprietate al inculpatei A asupra unui imobil, care a constituit garanţia contractului de împrumut, deşi anterior momentului încheierii contractului de împrumut şi al constituirii garanţiei, inculpata A transmisese către un terţ dreptul de proprietate asupra imobilului printr-un alt contract de vânzare-cumpărare. Fapta inculpatei A constituie:","A. infracţiunea de înşelăciune în varianta tip prevăzută de art. 244 alin. 1 Cod penal;
B. infracţiunea de înşelăciune comisă prin folosirea de mijloace frauduloase, prevăzută de art. 244 alin. 1 şi 2 Cod penal;
C. infracţiunea de înşelăciune în varianta tip prevăzută de art. 244 alin. 1 Cod penal în concurs cu infracţiunea de uz de fals prevăzută de art. 323 Cod penal.",B
Drept Penal,56.  Comiterea unei noi infracțiuni poate determina prelungirea:,"A. termenului de supraveghere al suspendării sub supraveghere a executării pedepsei, dispusă pentru o infracțiune anterioară, dacă noua infracțiune a fost săvârșită în acest termen
B. duratei măsurii educative a asistării zilnice dispuse pentru o infracțiune comisă anterior
C. termenului de prescripție a răspunderii penale pentru o infracțiune anterioară, dacă noua infracțiune a fost comisă în acest termen",B
Drept Penal,"54.  Dacă infractorul condamnat definitiv la pedeapsa închisorii este judecat ulterior pentru o infracțiune concurentă, instanța:","A. va deduce din durata pedepsei rezultante perioada executată
B. nu va putea aplica acestuia pedeapsa alternativă a amenzii, întrucât contopirea trebuie să vizeze pedepse de același fel
C. nu va aplica obligatoriu un spor de pedeapsă, întrucât infracțiunea anterioară s-a judecat înainte de 1 februarie 2014, chiar dacă infracțiunea dedusă judecății a fost comisă după această dată",A
