Drept Civil,"1.  Potrivit Codului civil, în materia contractului de vânzare:","A. dreptul convenţional de preempţiune se stinge prin moartea preemptorului, cu excepţia situaţiei în care a fost constituit pe un anume termen
B. dreptul de preempţiune este indivizibil
C. dreptul de preempţiune se poate ceda prin înscris autentic.",AB
Drept Civil,"9.  Atunci când bunul vândut nu corespunde calităților convenite prin contractul de vânzare, iar această împrejurare nu putea fi descoperită, la data predării, fără asistență de specialitate, de către un cumpărător prudent și diligent, acesta:","A. nu va putea obține, pe acest temei, rezoluțiunea vânzării dacă vânzătorul îi oferă un alt bun ale cărui calități corespund celor stipulate în contractul de vânzare;
B. poate invoca, pentru acest motiv, dispozițiile privitoare la garanția vânzătorului contra viciilor ascunse;
C. are dreptul să angajeze răspunderea vânzătorului chiar în cazul pieirii bunului, cu excepția situației în care se probează că pieirea a avut o altă cauză decât necorespunderea bunului față de calitățile convenite prin contractul de vânzare.",B
Drept Civil,6.  În materia mandatului cu reprezentare:,"A. dacă părţile nu au prevăzut un termen, contractul de mandat încetează în 5 ani de la încheierea lui
B. pentru a încheia compromisuri, mandatarul trebuie împuternicit în mod expres
C. mandatarul datorează dobânzi pentru sumele întrebuinţate în folosul său din ziua în care a fost pus în întârziere.",B
Drept Civil,3.  În materia dezmembrămintelor dreptului de proprietate:,"A. în cazul în care dreptul de superficie s-a stins prin consolidare, în absența unei stipulații contrare, dreptul de uz consimțit de superficiar se menține pe durata pentru care a fost constituit, dar nu mai târziu de împlinirea termenului inițial al superficiei
B. în cazul în care dreptul de superficie s-a stins prin expirarea termenului pentru care a fost constituit, în absența unei înțelegeri contrare încheiate cu proprietarul terenului, uzufructul consimțit de superficiar se stinge în momentul încetării dreptului de superficie
C. titularul dreptului de abitație are dreptul de a locui împreună cu soțul și copiii săi în locuința nudului proprietar, numai dacă a fost căsătorit și a avut copii la data la care s-a constituit abitația",A
Drept Civil,6.  Instanța nu va admite acțiunea oblică în ipoteza în care:,"A. pe această cale se formulează o acțiune în revocarea donației pentru ingratitudine;
B. nu a fost formulată de către toți creditorii debitorului a cărui pasivitate justifică introducerea acțiunii oblice;
C. debitorul a cărui pasivitate justifică introducerea acțiunii oblice este insolvabil.",A
Drept Civil,13.  Creditorul poate fi pus în întârziere de către debitor atunci când refuză plata:,"A. în cazul în care, deși obligația, potrivit naturii sale, nu putea fi executată decât de către debitor, prestația este oferită, cu titlu de plată, de către o altă persoană;
B. sumei împrumutate fără dobândă, chiar dacă obligația de restituire nu a ajuns încă la scadență;
C. în cazul în care, în lipsa unei prevederi contractuale, debitorul oferă predarea bunului la domiciliul său motivând că acolo se afla bunul la momentul încheierii contractului, chiar dacă practicile statornicite între părți relevă că predarea unor bunuri de același fel se făcea, întotdeauna, la domiciliul creditorului.",B
Drept Civil,7.  În materia răspunderii civile delictuale:,"A. cel care, în temeiul unui contract, este obligat să supravegheze o persoană pusă sub interdicţie, răspunde pentru prejudiciul cauzat de aceasta, numai dacă se dovedeşte că interzisul a acţionat cu discernământ la data săvârşirii faptei
B. cel care, în orice fel, a întârziat chemarea în judecată a autorului faptei ilicite răspunde solidar cu acesta din urmă
C. dreptul la despăgubire pentru atingerile aduse drepturilor inerente personalităţii oricărui subiect de drept va putea fi cedat numai în cazul în care a fost stabilit printr-o tranzacţie sau printr-o hotărâre judecătorească definitivă.",BC
Drept Civil,8.  În executarea obligaţiilor civile:,"A. notificarea prin care unul dintre creditorii solidari pune în întârziere pe unul dintre codebitorii solidari produce efecte şi în privinţa celorlalţi debitori şi creditori
B. debitorul care îl pune în întârziere pe creditorul său, ce a refuzat, în mod nejustificat, plata oferită în mod corespunzător, nu este ţinut să restituie fructele culese după punerea în întârziere
C. atunci când în convenţia dintre creditor şi debitor s-a stipulat expres că, prin simplă împlinire a termenului stabilit pentru executare, debitorul se află de drept în întârziere, moştenitorii debitorului se vor afla de drept în întârziere, dacă obligaţia devine scadentă după decesul debitorului.",AB
Drept Civil,12.  În cazul în care a fost promisă în mod public o recompensă în schimbul executării unei prestații:,"A. dacă prestația a fost executată separat de mai multe persoane, recompensa se împarte între ele, potrivit contribuției fiecăreia la obținerea rezultatului, iar dacă aceasta nu se poate stabili, recompensa se împarte în mod egal
B. revocarea promisiunii, realizată în aceeași formă în care a fost făcută publică promisiunea, nu produce efecte față de cel care, mai înainte de publicarea revocării, a executat prestația
C. nu există obligația de a face plata recompensei atunci când cel care a executat prestația nu cunoștea existența promisiunii",B
Drept Civil,2.  În cazul condiției suspensive:,"A. atunci când aceasta produce efecte retroactive, actele încheiate de proprietarul sub condiție suspensivă sunt valabile și, în cazul îndeplinirii condiției, produc efecte de la data îndeplinirii acesteia
B. partea în al cărei interes exclusiv a fost stipulată condiția poate renunța unilateral la aceasta, anterior îndeplinirii ei
C. preluarea datoriei care este afectată de condiție și care a fost convenită cu debitorul își va produce efectele numai în cazul în care creditorul își dă acordul",B
Drept Civil,13.  Repunerea în termenul de prescripţie extinctivă:,"A. poate fi dispusă, din oficiu, chiar de către un organ de jurisdicţie necompetent
B. intervine numai în cazurile expres prevăzute de lege
C. constituie o instituţie juridică al cărei regim se aplică şi termenului de opţiune succesorală",C
Drept Civil,17.  Potrivit dispoziţiilor Codului civil referitoare la devoluţiunea legală a moştenirii:,"A. în cazul clasei a II-a de moştenitori, nu operează, în niciun caz, reprezentarea succesorală
B. în cazul clasei a III-a de moştenitori, moştenirea se împarte în mod egal, când vin la moştenire în nume propriu, ori pe tulpină, când vin la moştenire prin reprezentare
C. în cazul clasei a II-a de moştenitori, între colateralii privilegiaţi, împărţirea moştenirii se va realiza pe linii, atunci când aceştia sunt rude cu defunctul pe linii colaterale diferite.",C
Drept Civil,24.  În ceea ce privește renunțarea la moștenire:,"A. dreptul la acțiunea în anularea renunțării se prescrie în termen de 6 luni, care curge, în toate cazurile, din momentul în care titularul dreptului la acțiune a cunoscut cauza de nulitate relativă
B. creditorii succesibilului care a renunțat la moștenire în frauda lor pot cere instanței revocarea renunțării în ceea ce îi privește
C. reprezentarea nu operează dacă reprezentantul a renunțat la moștenirea lăsată de reprezentat",B
Drept Civil,1.  În cazul bunurilor fungibile:,"A. prin act juridic, un bun fungibil prin natura sa poate fi considerat ca nefungibil;
B. compensația operează de plin drept de îndată ce există două datorii certe, lichide și exigibile, oricare ar fi izvorul lor, și care au ca obiect o anumită cantitate de bunuri fungibile de natură diferită;
C. dacă vânzarea are ca obiect bunuri fungibile supuse unui preț curent, stabilit prin lege, cotaţie la bursă sau practicat la un târg, iar contractul nu a fost executat din culpa cumpărătorului, cumpărătorul are dreptul de a cumpăra bunuri de același gen pe cheltuiala vânzătorului, prin intermediul unei persoane autorizate.",A
Drept Civil,"14.  Superficiarul, proprietar exclusiv al unei construcţii edificate pe un teren, nu poate exercita:","A. acţiunea confesorie de superficie împotriva proprietarului terenului;
B. acţiunea de partaj având ca obiect terenul, promovată în contradictoriu cu proprietarul acestuia
C. acţiunea posesorie",B
Drept Civil,24.  În cazul contractului de vânzare:,"A. cumpărătorul care află de existența unei cauze de evicțiune este îndreptățit să suspende plata prețului până la încetarea tulburării sau până când vânzătorul oferă o garanție corespunzătoare, afară dacă a cunoscut pericolul evicţiunii în momentul încheierii contractului sau dacă în contract s-a prevăzut că plata se va face chiar în caz de tulburare
B. sub sancţiunea nulităţii absolute, vânzarea unei moşteniri se încheie în formă autentică numai dacă succesiunea conţine drepturi reale care urmează a fi înscrise în cartea funciară
C. cu opțiune de răscumpărare, opțiunea nu poate fi stipulată pentru un termen mai mare de 5 ani",A
Drept Civil,8.  În materia răspunderii civile delictuale:,"A. sunt valabile clauzele care exclud răspunderea pentru prejudiciile cauzate, printr-o simplă imprudenţa sau neglijenţă, bunurilor victimei
B. declaraţia de acceptare a riscului producerii unui prejudiciu constituie, prin ea însăşi, renunţarea victimei la dreptul de a obţine plata despăgubirilor
C. instanţa civilă este legată de hotărârea definitivă de achitare în ceea ce priveşte existenţa prejudiciului ori a vinovăţiei autorului faptei ilicite.",A
Drept Civil,14.  În cazul admiterii acţiunii în revendicare imobiliară:,"A. pârâtul va fi obligat, la alegerea sa, să restituie bunul sau să plătească despăgubiri către proprietar
B. pârâtul are dreptul la restituirea cheltuielilor necesare, chiar dacă a fost de rea-credinţă
C. toate fructele culese până la pronunţarea hotărârii de admitere se cuvin pârâtului, dacă acesta a fost de bună-credinţă la data intrării în posesia imobilului.",B
Drept Civil,12.  În materia compensaţiei:,"A. termenul de graţie acordat pentru plata unei datorii nu împiedică realizarea compensaţiei
B. compensaţia nu are loc atunci când are ca obiect un bun insesizabil
C. părţile nu pot renunţa tacit la compensaţie.",AB
Drept Civil,5.  Contractul de întreţinere:,"A. se încheie în formă autentică, sub sancţiunea nulităţii absolute
B. este revocabil în folosul persoanelor cărora creditorul întreţinerii îi datorează alimente în temeiul legii, doar dacă există fraudă din partea debitorului întreţinerii
C. încheiat pe durată determinată încetează la expirarea acestei durate, cu excepţia cazului în care creditorul întreţinerii decedează mai devreme.",AC
Drept Civil,19.  Soţului supravieţuitor:,"A. îi poate fi restrâns dreptul de abitație, dacă o parte a locuinţei îi este necesară unuia dintre moştenitori
B. îi revine o jumătate din moştenire, dacă vine în concurs numai cu ascendenţii privilegiaţi
C. nu îi revin mobilierul şi obiectele de uz casnic afectate folosinţei comune a soţilor, cu titlu de drept special de moştenire, în ipoteza în care vine concomitent în concurs atât cu descendenţii defunctului, cât şi cu colateralii privilegiaţi.",BC
Drept Civil,12.  Testamentul:,"A. nul din cauza unui viciu de formă produce efecte dacă îndeplinește condițiile prevăzute de lege pentru altă formă testamentară
B. prin care se recunoaște un copil, întocmit în fața medicului șef al instituției sanitare, cât timp dispunătorul este internat în această instituție și notarul public nu are acces, devine caduc la 15 zile de la data când notarul public are acces în respectiva unitate sanitară
C. prin care se instituie un legat în favoarea unui creditor nu se ia în considerare ca liberalitate, dacă din cuprinsul testamentului nu rezultă contrariul",A
Drept Civil,"24.  Spre deosebire de eroare, ca viciu de consimţământ, dolul:","A. poate angaja răspunderea autorului său, pentru prejudiciile cauzate
B. este aplicabil şi actelor juridice unilaterale
C. nu se presupune.",A
Drept Civil,20.  Cota succesorală a soţului supravieţuitor este de:,"A. o treime din moştenire, dacă vine în concurs cu doi descendenţi ai defunctului;
B. un sfert din moştenire, dacă vine în concurs numai cu părinții defunctului;
C. trei sferturi din moştenire, dacă vine în concurs fie cu ascendenţii ordinari, fie cu colateralii ordinari ai defunctului.",C
Drept Civil,20.  În cazul contractului de mandat:,"A. fără reprezentare, o parte, numită mandatar, încheie acte juridice în nume propriu, dar pe seama celeilalte părţi, numită mandant, şi îşi asumă faţă de terți obligaţiile care rezultă din aceste acte, chiar dacă terții aveau cunoștință despre mandat
B. creditorii mandatarului nu pot urmări bunurile dobândite de acesta în nume propriu, dar pe seama mandantului, dacă mandatul fără reprezentare are dată certă şi aceasta este anterioară luării oricărei măsuri asigurătorii sau de executare
C. cu reprezentare, mandantul va restitui mandatarului toate cheltuielile avansate de acesta din urmă pentru executarea mandatului, împreună cu dobânzile legale aferente, calculate de la data efectuării cheltuielilor",A
Drept Civil,3.  Nu poate fi declarată nedemnă de a moșteni:,"A. persoana care, cu rea-credință, a ascuns, a alterat, a distrus sau a falsificat testamentul defunctului
B. persoana condamnată penal pentru săvârșirea, din culpă, împotriva celui care lasă moștenirea, a unor fapte grave de violență, fizică sau morală
C. persoana care, prin dol sau violență, l-a împiedicat pe cel care lasă moștenirea să întocmească, să modifice sau să revoce testamentul",B
Drept Civil,3.  Convenţia de partaj:,"A. trebuie încheiată în formă autentică, sub sancţiunea nulităţii absolute, dacă are că obiect cel puţin unimobil, indiferent de valoarea acestuia
B. este lovită de nulitate absolută, dacă un coproprietar, deşi avea capacitate de exerciţiu deplină, nu a participat la încheierea acesteia
C. nu se poate încheia niciodată în ipoteza coproprietăţii forţate.",AB
Drept Civil,"22.  După divorț, locuința minorului:","A. poate fi schimbată, în toate cazurile, de către părintele la care locuiește, fără a fi necesară încuviințarea celuilalt părinte;
B. poate fi schimbată, în toate cazurile, de către părintele la care locuiește, doar cu acordul prealabil al celuilalt părinte;
C. poate fi stabilită, în mod excepțional, numai dacă este în interesul superior al copilului, la o instituție de ocrotire.",C
Drept Civil,19.  Daunele-interese moratorii:,"A. se datorează întotdeauna de la data punerii în întârziere a debitorului prin notificare comunicată acestuia prinintermediul executorului judecătoresc
B. în cazul obligațiilor bănești sunt datorate de la scadență până în momentul plății, în cuantum convenit de părți sau, în lipsă, în cel prevăzut de lege, fără a trebui să se dovedească un prejudiciu
C. în cazul altor obligaţii decât cele având ca obiect plata unei sume de bani, sunt egale cu dobânda legală, chiar dacă creditorul dovedeşte un prejudiciu mai mare cauzat de întârzierea în executarea obligaţiei",B
Drept Civil,25.  Sub regimul comunității legale:,"A. bunurile care înlocuiesc un bun propriu al unuia dintre soți sunt bunuri comune
B. este anulabil actul de dobândire a unui bun comun de către unul dintre soți pentru motivul lipsei acordului expres al celuilalt soț
C. soții răspund cu bunurile comune pentru repararea prejudiciului cauzat prin însușirea, de către unul dintre soți, a bunurilor aparținând unui terț, în măsura în care, prin aceasta, au sporit bunurile comune ale soților",C
Drept Civil,"3.  Rezoluțiunea contractului de întreținere, întemeiată pe neexecutarea, fără justificare, a obligației de întreținere:","A. nu poate opera în temeiul unui pact comisoriu, chiar dacă s-a convenit că rezoluțiunea va rezulta din simplul fapt al neexecutării;
B. nu poate fi pronunțată de instanță dacă, după introducerea cererii, debitorul obligației de întreținere a făcut oferta de întreținere, cu excepția cazului în care debitorul întreținerii fusese pus în întârziere anterior introducerii cererii;
C. permite repunerea părților în situația anterioară încheierii contractului, deoarece rezoluțiunea produce efecte atât pentru viitor, cât și pentru trecut.",A
Drept Civil,"18.  În materia moştenirii legale, poate fi reprezentat:","A. colateralul privilegiat de gradul al IV-lea
B. fratele mamei defunctului
C. descendentul nedemn, chiar aflat în viaţă la data deschiderii moştenirii.",C
Drept Civil,15.  Instanța nu poate reduce penalitatea:,"A. atunci când obligația principală a fost executată în parte și această executare a profitat creditorului
B. atunci când obligația principală a fost executată în parte și această executare nu a profitat creditorului
C. atunci când penalitatea este vădit excesivă față de prejudiciul ce putea fi prevăzut de părți la încheierea contractului",B
Drept Civil,7.  Se află de drept în întârziere:,"A. vânzătorul care a distrus în mod intenționat bunul individual determinat pe care trebuia să-l predea cumpărătorului
B. moștenitorii debitorului unei obligații contractuale de întreținere devenite scadentă ulterior decesului acestuia
C. locatorul care nu predă la termen bunul ce formează obiectul locațiunii, închiriat în vederea prezentării la o expoziție al cărei termen a expirat",A
Drept Civil,"5.  Insolvabilitatea cumpărătorului, dacă intervine între momentul încheierii contractului și scadența obligației de plată a prețului, nu conferă vânzătorului dreptul:","A. de a opta între rezoluțiunea vânzării și suspendarea obligației de predare a bunului;
B. de a suspenda executarea obligației de predare a bunului, decât dacă i se oferă garanții îndestulătoare în privința plății prețului;
C. de a denunța unilateral vânzarea.",AC
Drept Civil,23.  În materia acțiunii oblice:,"A. creditorul nu poate exercita drepturile și acțiunile care sunt strâns legate de persoana debitorului
B. creditorul a cărui creanță este certă și exigibilă poate să exercite drepturile și acțiunile debitorului numai atunci când acesta refuză să le exercite
C. în toate cazurile, ca efect al admiterii acțiunii, actul atacat va fi declarat inopozabil față de creditorul care a introdus acțiunea",A
Drept Civil,3.  Tranzacţia:,"A. constatată printr-o hotărâre judecătorească poate fi atacată cu acţiune revocatorie
B. încheiată pentru executarea unui act juridic lovit de nulitate absolută este nulă, în afară de cazul în care părţile au tranzacţionat expres asupra nulităţii
C. constatată printr-o hotărâre judecătorească nu poate fi atacată cu acţiune în declararea simulației.",AB
Drept Civil,17.  În materia autorităţii părinteşti:,"A. instanţa nu poate limita, în nicio situaţie, dreptul părintelui la care copilul nu locuieşte în mod statornic de a avea legături personale cu minorul
B. părinţii pot să împiedice corespondenţa şi legăturile personale ale copilului în vârstă de 15 ani, însă numai în baza unor motive temeinice
C. până la soluţionarea cererii de redare a exerciţiului drepturilor părinteşti, instanţa poate îngădui părintelui să aibă legătur personale cu copilul, dacă aceasta este în interesul superior al copilului",C
Drept Civil,3.  În ceea ce privește promisiunea de a contracta:,"A. dacă, mai înainte ca promisiunea unilaterală de cumpărare a unui bun individual determinat să fi fost executată, creditorul său înstrăinează bunul ori constituie un drept real asupra acestuia, obligația promitentului se consideră stinsă
B. dacă nu se prevede termenul în care urmează a fi încheiat contractul de vânzare, promisiunea bilaterală de vânzare se poate nota în cartea funciară, în termen de 6 luni de la data încheierii acesteia
C. dreptul la acțiunea în pronunțarea unei hotărâri care să țină loc de contract de vânzare se prescrie în termen de 6 luni de la data încheierii promisiunii bilaterale de vânzare",A
Drept Civil,"15.  Spre deosebire de cesiunea de creanță cu titlu gratuit, în cazul cesiunii cu titlu oneros:","A. contractul nu trebuie să îmbrace forma scrisă, ad validitatem
B. cesionarul devine creditorul debitorului cedat pentru valoarea nominală a creanței cedate
C. cesionarul dobândește toate accesoriile creanței cedate",A
Drept Civil,13.  Oferta de a contracta:,"A. este irevocabilă şi în situaţia în care autorul ei se obligă expres să o mențină un anumit termen
B. irevocabilă devine întotdeauna caducă în caz de deces sau incapacitate a ofertantului
C. poate fi retrasă, dacă retragerea ajunge la destinatar anterior sau concomitent cu oferta",A
Drept Civil,2.  În materia donaţiei:,"A. nulitatea căsătoriei atrage caducitatea donaţiei făcute soţului de bună sau de rea-credinţă
B. oferta de donaţie nu mai poate fi acceptată după decesul destinatarului ei
C. dreptul la acțiunea prin care se solicită executarea sarcinii se prescrie în termen de un an de la data la care sarcina trebuia executată.",B
Drept Civil,4.  În materia contractului de întreţinere:,"A. în cazul înlocuirii întreţinerii prin rentă, dacă prin contractul de întreţinere nu s-a convenit altfel, obligaţia de plată a rentei rămâne indivizibilă între debitori
B. atunci când comportamentul celeilalte părţi face imposibilă executarea contractului în condiţii conforme bunelor moravuri, cel interesat poate cere rezoluțiunea contractului
C. drepturile creditorului întreţinerii nu pot fi supuse urmăririi decât în limita a ¼ din veniturile sale.",AB
Drept Civil,4.  Comodantul nu poate cere comodatarului restituirea bunului dat în comodat:,"A. decât la împlinirea termenului stipulat în contract pentru restituirea bunului, cu excepția cazului în care în contractul respectiv s-a prevăzut întrebuințarea pentru care s-a împrumutat bunul, caz în care restituirea se va face la momentul satisfacerii întrebuințării respective;
B. decât în cazul în care comodatarul decedează, deoarece contractul se încheie în considerarea persoanei comodatarului;
C. înainte de termenul stipulat pentru restituire, dacă starea de nevoie pe care se întemeiază cererea de restituire era cunoscută de comodant la data încheierii contractului.",C
Drept Civil,23.  Uzufructuarul:,"A. spre deosebire de titularul dreptului de uz, poate culege şi fructele civile
B. asupra unei păduri poate lua din aceasta araci pentru vie, numai dacă via se află în proprietatea uzufructuarului şi este situată la cel mult un kilometru de marginea pădurii
C. la alegerea sa, are obligaţia de a restitui bunuri de aceeaşi cantitate, calitate şi valoare sau contravaloarea lor, la data stingerii uzufructului care are ca obiect numai bunuri consumptibile.",A
Drept Civil,2.  În cazul violenței ca viciu de consimțământ:,"A. cel al cărui consimțământ a fost viciat poate solicita reducerea prestației sale rezultate din contract cu valoarea daunelor-interese la care ar fi îndreptățit
B. se poate cere anularea contractului de către partea care a contractat sub imperiul unei temeri justificate induse, cu drept, de cealaltă parte sau de un terț
C. terțul, autor al violenței, răspunde pentru prejudiciile cauzate de fapta sa, numai dacă partea contractantă în favoarea căreia a exercitat violența nu a avut cunoștință și nici nu putea avea cunoștință de violența terțului",A
Drept Civil,4.  Acțiunile posesorii:,"A. nu pot fi, în nicio situaţie, exercitate de locatar
B. nu pot fi introduse, în nicio situaţie, împotriva proprietarului
C. nu pot fi introduse împotriva persoanei față de care există obligația de restituire a bunului",C
Drept Civil,5.  În materia gestiunii de afaceri:,"A. moștenitorii gerantului sunt ținuți să continue gestiunea de afaceri începută de gerant, chiar dacă nu aveau cunoștință de aceasta
B. moștenitorii gerantului nu sunt ținuți să continue afacerile începute de gerant, chiar dacă aveau cunoștință de aceasta, însă dovedesc că autorul lor a acționat cu intenția de a gratifica  geratul
C. geratul trebuie să ramburseze gerantului și dobânzile aferente cheltuielilor necesare și utile pe care gerantul le-a efectuat, din ziua în care l-a înștiințat pe gerat despre gestiunea începută",C
Drept Civil,5.  În ceea ce privește mandatul cu reprezentare:,"A. mandantul poate revoca mandatul, expres sau tacit, cu excepția cazului în care mandatul a fost declarat irevocabil
B. când a fost dat aceluiași mandatar de mai multe persoane pentru o afacere comună, mandatul poate fi revocat de către unul dintre mandanți, fără acordul celorlalți
C. mandantul care revocă mandatul rămâne ținut să își execute obligațiile față de mandatar",C
Drept Civil,17.  Este anulabil actul juridic încheiat:,"A. ca urmare a violenței exercitate de un terț asupra uneia dintre părți, chiar dacă cealaltă parte nu cunoștea și nici nu ar fi trebuit să cunoască violența săvârșită de terț;
B. ca urmare a temerii insuflate de amenințarea cu exercițiul unui drept, făcută cu scopul de a obține avantaje injuste;
C. de minor fără încuviințarea ocrotitorului legal, atunci când încuviințarea era cerută de lege și suficientă pentru încheierea valabilă a actului, chiar dacă ulterior acesta din urmă a confirmat actul.",B
Drept Civil,"12.  Atât în materia subrogației în drepturile creditorului prin plata creanței, cât și în materia cesiunii de creanță, transmiterea calității de creditor:","A. nu poate depinde de consimțământul debitorului;
B. nu se poate produce de drept, în temeiul legii;
C. atrage și transmiterea accesoriilor creanței.",C
Drept Civil,"24.  Părțile pot, prin acordul lor expres, să stabilească faptul că:","A. dreptul la acţiune izvorât din contractul de asigurare se prescrie într-un termen de 1 an
B. acțiunea confesorie de superficie este prescriptibilă în termen de 3 ani de la săvârșirea primului act de împiedicare a  dreptului
C. termenul de prescripție a dreptului la acțiune privind restituirea împrumutului bănesc începe să curgă după trecerea unui an de la scadență",C
Drept Civil,17.  În materia prescripţiei extinctive:,"A. renunţarea la beneficiul prescripţiei, făcută de unul dintre debitori, produce efecte și în privința codebitorilor, în cazul obligaţiilor solidare
B. părţile care au capacitatea deplină de exercițiu pot, prin acord expres, să convină asupra unei clauze contractuale prin care declară drept imprescriptibilă acţiunea în anularea actului juridic în caz de violență
C. când este vorba de prestaţii succesive, prescripţia dreptului la acţiune începe să curgă de la data la care fiecare prestaţie devine exigibilă, iar dacă prestaţiile alcătuiesc un tot unitar, de la data la care ultima prestaţie devine exigibilă",C
Drept Civil,25.  Cursul prescripției extinctive:,"A. atunci când obiectul acțiunii constă în repararea prejudiciului cauzat prin vătămarea integrității corporale, se suspendă până la stabilirea pensiei ce s-ar cuveni, în cadrul asigurărilor sociale, celui îndreptățit la reparație;
B. începe, atât în caz de eroare, cât și în caz de dol, la data la care a fost cunoscută cauza de nulitate relativă, dar nu mai târziu de 18 luni de la data încheierii actului juridic;
C. în cazul acțiunii privind stabilirea judiciară a termenului pentru restituirea împrumutului de consumație, începe la data încheierii contractului.",AC
Drept Civil,13.  În materia decăderii:,"A. părţile nu pot modifică termenele de decădere de ordine publică, micşorându-le sau mărindu-le, după caz
B. organul de jurisdicţie este obligat, în toate cazurile, să invoce şi să aplice din oficiu termenele de decădere
C. este lovită de nulitate relativă clauza prin care se stabileşte un termen de decădere ce ar face excesiv de dificilă exercitarea dreptului de către partea interesată.",A
Drept Civil,13.  Donatorul:,"A. nu răspunde, în niciun caz, pentru viciile ascunse ale bunului donat
B. în toate cazurile, răspunde pentru evictiune ca şi vânzătorul
C. poate cere fie executarea sarcinii, fie revocarea donaţiei, atunci când donatarul nu îndeplineşte sarcina la care s-a obligat.",C
Drept Civil,16.  Simulația:,"A. nu permite succesorilor cu titlu universal ai părţilor să invoce contractul secret împotriva terţilor care, întemeindu-se cu bună-credinţă pe contractul public, au dobândit drepturi de la achizitorul aparent
B. se aplică atât actelor juridice patrimoniale, cât şi celor nepatrimoniale
C. poate fi dovedită de părți cu orice mijloc de probă, atunci când pretind că aceasta are caracter ilicit",A
Drept Civil,18.  Subrogația:,"A. convențională, pentru a fi opusă terților, trebuie constatată prin înscris
B. deși operează în beneficiul codebitorului solidar care a executat obligația, acesta nu poate cere codebitorilor săi decât partea din datorie ce revine fiecăruia dintre ei
C. atunci când este parțială, creditorul inițial, titular al unei garanții, exercită, în toate situațiile, drepturile sale pentru parteaneplătită din creanță cu preferință față de noul creditor",A
Drept Civil,13.  În materia mandatului fără reprezentare:,"A. mandantul are la îndemână împotriva terţului o acţiune oblică pentru valorificarea drepturilor născute din executarea mandatului, indiferent dacă şi-a executat sau nu propriile obligaţii faţă de mandatar
B. terţul are la îndemână o acţiune directă împotriva mandantului, pentru îndeplinirea obligaţiilor născute din executarea mandatului
C. mandatarul este obligat să transmită mandantului bunurile mobile supuse unor formalităţi de publicitate.",C
Drept Civil,20.  Locatarul,"A. la încetarea locațiunii, trebuie să restituie bunul luat în locațiune în starea în care l-a primit, în afară de ceea ce a pierit sau s-a deteriorat din cauza vechimii
B. poate să încheie o sublocațiune ori chiar să cedeze locațiunea bunului imobil care face obiectul contractului, doar dacă această facultate a fost stipulată în mod expres prin contract
C. are obligația de a suporta reparațiile de întreținere curentă, în lipsă de stipulaţie contrară",A
Drept Civil,4.  Dacă bunul dat în locaţiune este înstrăinat de către locator:,"A. dobânditorul devine răspunzător şi pentru prejudiciile cauzate locatarului anterior înstrăinării, dacă locațiunea îi este opozabilă:
B. locațiunea încetează de drept la data înstrăinării, în cazul în care are ca obiect un bun mobil şi durata locațiunii este de cel mult un an
C. dreptul locatarului este opozabil dobânditorului în cazul imobilelor neînscrise în cartea funciară, dacă data certă a locațiunii este anterioară datei certe a înstrăinării.",C
Drept Civil,4.  În materia răspunderii civile delictuale:,"A. lipsa discernământului nu îl scutește pe autorul prejudiciului de plata unei indemnizații către victimă, ori de câte ori nu poate fi angajată răspunderea persoanei care avea, potrivit legii, îndatorirea de a-l supraveghea
B. răspunderea pentru prejudiciile cauzate integrității fizice sau psihice ori sănătății nu poate fi înlăturată ori diminuată decât în condițiile legii
C. proprietarul unui câine nu răspunde de prejudiciul cauzat de acesta dacă dovedește că animalul a scăpat de sub paza sa datorită unui defect de fabricație al lesei",A
Drept Civil,6.  În materia gestiunii de afaceri:,"A. în privinţa actelor juridice, gestiunea ratificată produce, de la data ratificării, efectele unui mandat
B. decesul geratului atrage încetarea de drept a gestiunii, de la data decesului acestuia
C. cel care ignoră împotrivirea titularului afacerii este răspunzător pentru prejudiciile cauzate chiar şi din cea mai uşoară culpă.",C
Drept Civil,24.  Timpul legal al concepțiunii:,"A. se calculează pe zile libere
B. reprezintă o prezumție relativă, care poate fi răsturnată prin orice mijloc de probă
C. este intervalul de timp cuprins între a trei sută și a o sută optzecea zi dinaintea nașterii",C
Drept Civil,9.  În domeniul răspunderii civile delictuale:,"A. lipsa discernământului nu îl scuteşte pe autorul prejudiciului de plata unei indemnizaţii către victimă ori de câte ori nu poate fi angajată răspunderea persoanei care avea, potrivit legii, îndatorirea de a-l supraveghea
B. în cazul a două persoane care ocupă un imobil, dintre care una îl ocupă fără titlu, iar cealaltă cu titlu, răspunde pentru prejudiciul cauzat prin căderea din imobil a unui lucru doar persoana care îl ocupă în temeiul unui titlu
C. proprietarul unui lucru are paza acestuia, numai dacă se serveşte de lucru în interes propriu.",A
Drept Civil,20.  Debitorul unei obligații contractuale:,"A. este întotdeauna de drept în întârziere când a încălcat o obligație de a face
B. poate răspunde şi pentru prejudiciile imprevizibile
C. răspunde pentru prejudiciile cauzate din culpa persoanei de care se foloseşte pentru executarea obligaţiilor contractuale, numai dacă părţile au convenit astfel",B
Drept Civil,4.  Sunt supuse notării în cartea funciară:,"A. sechestrul, urmărirea imobilului, a fructelor ori veniturilor sale
B. drepturile de superficie afectate de o condiție suspensivă
C. drepturile de proprietate asupra unor imobile",A
Drept Civil,15.  Dacă obligația este contractată:,"A. sub condiția producerii unui eveniment, condiția se consideră neîndeplinită numai atunci când este sigur că evenimentul nu se va produce
B. sub condiție suspensivă, îndeplinirea condiției nu produce întotdeauna efecte retroactive
C. sub condiția producerii unui eveniment într-un anumit termen, condiția este socotită îndeplinită dacă termenul s-a împlinit fără ca evenimentul să se producă",A
Drept Civil,14.  În materia împrumutului de consumaţie:,"A. dacă împrumutul este cu titlu gratuit, termenul de restituire este prezumat a fi în favoarea ambelor părţi
B. până la proba contrară, împrumutul care are că obiect o suma de bani, este prezumat a fi cu titlu oneros
C. în lipsa unei stipulatii contrare, împrumutul care nu are că obiect o suma de bani se prezumă a fi cu titlu gratuit.",BC
Drept Civil,12.  În cazul mandatului cu reprezentare:,"A. acceptarea mandatului de către mandatar poate fi și tacită
B. mandatarul nu este obligat să remită mandantului ceea ce a primit în temeiul împuternicirii sale şi nu era datorat mandantului
C. pentru garantarea tuturor creanțelor sale împotriva mandantului izvorâte din mandat, mandatarul are un drept de retenție asupra bunurilor primite cu ocazia executării mandatului de la mandant ori pe seama acestuia",A
Drept Civil,5.  În materia coproprietăţii:,"A. în cazul coproprietăţii obișnuite, cotele-părți sunt prezumate a fi egale, până la proba contrară, care se poate face întotdeauna prin orice mijloc de probă
B. în cazul coproprietăţii obişnuite, actul care urmăreşte exclusiv înfrumuseţarea bunului comun nu se poate încheia decât cu acordul coproprietarilor ce dețin majoritatea cotelor-părți;
C. potrivit regimului juridic general aplicabil coproprietăţii forțate, când bunul comun are caracter accesoriu, în absența unei convenții contrare, cota-parte din drept a fiecărui coproprietar se stabilește în funcție de întinderea bunului principal",C
Drept Civil,"2.  În caz de violență, cel al cărui consimțământ este viciat are dreptul:","A. de a pretinde anularea contractului și daune-interese
B. de a solicita reducerea prestaţiei sale cu valoarea daunelor-interese care i se cuvin
C. de a cere adaptarea contractului",A
Drept Civil,19.  În materia contractului de comision:,"A. dacă părțile nu au stabilit cuantumul comisionului, atunci se prezumă caracterul gratuit al contractului
B. dacă părțile nu au stabilit cuantumul comisionului, atunci se prezumă caracterul gratuit al contractului
C. dacă prin lege nu se prevede altfel, forma scrisă este necesară numai pentru dovada contractului",C
Drept Civil,"22.  În ipoteza actelor juridice bilaterale, dolul:","A. constituie viciu de consimţământ şi atunci când provine de la reprezentantul celeilalte părţi
B. nu conduce la anularea actului decât dacă eroarea în care s-a aflat cel al cărui consimţământ a fost viciat a fost esenţială
C. conferă celui al cărui consimţământ a fost viciat de către cealaltă parte dreptul de a pretinde, în afară de anularea actului juridic, şi daune-interese.",AC
Drept Civil,23.  În cazul sublocaţiunii:,"A. dacă bunul este mobil, aceasta nu este permisă decât cu acordul scris al locatorului
B. interdicţia de a o încheia nu include şi interdicţia de a ceda locaţiunea
C. aceasta nu poate avea ca obiect, în niciun caz, o parte din bunul dat în locaţiune",A
Drept Civil,16.  În materia moştenirii legale:,"A. poate fi reprezentat descendentul de gradul I, aflat în viaţă la data deschiderii succesiunii, chiar dacă este nedemn faţă de defunct
B. cota soţului supravieţuitor al defunctului în concurs cu moştenitorii legali aparţinând unor clase diferite se stabileşte ca şi când acesta ar veni la moştenire numai cu cea mai apropiată dintre ele
C. legatul lăsat nedemnului, după săvârşirea faptei care atrage nedemnitatea, înlătură efectele nedemnității, chiar şi în lipsa unei declaraţii exprese în acest sens a celui ce lasă moştenirea.",AB
Drept Civil,"21.  În materia lucrărilor adăugate voluptuare cu caracter durabil asupra imobilului altuia, proprietarul imobilului:","A. când valoarea lucrării este considerabilă, are dreptul să ceară obligarea autorului să cumpere imobilul la valoarea de circulaţie pe care acesta ar fi avut-o dacă lucrarea nu s-ar fi efectuat
B. are dreptul să ceară obligarea autorului de rea-credinţă la desfiinţarea lucrării, cu readucerea imobilului în situaţia anterioară şi plata de daune-interese
C. are dreptul să devină proprietarul lucrării, numai prin înscriere în cartea funciară, fără nicio obligaţie către autorul lucrării.",B
Drept Civil,20.  Rezoluţiunea judiciară:,"A. operează retroactiv de la data introducerii cererii de chemare în judecată
B. se dispune numai dacă debitorul este de drept în întârziere
C. se poate dispune pentru o parte a contractului, numai atunci când executarea sa este divizibilă",C
Drept Civil,"17.  Spre deosebire de divorţul pe cale administrativă, divorţul pe cale judiciară din cauza stării sănătăţii unui soţ:","A. poate fi pronunţat şi atunci când există copii minori născuţi din căsătorie
B. nu poate fi admis dacă unul dintre soţi este pus sub interdicţie
C. se pronunţă fără a se face menţiune cu privire la culpa soţilor.",A
Drept Civil,25.  Recunoașterea unui copil este lovită de nulitate absolută dacă:,"A. nu corespunde adevărului
B. a fost făcută după decesul copilului, iar acesta nu a lăsat descendenți firești
C. a fost smulsă prin violență",B
Drept Civil,5.  Este indivizibilă:,"A. obligația persoanelor care răspund împreună pentru comiterea unei fapte prejudiciabile în temeiul răspunderii civile delictuale
B. obligația de a executa prin echivalent o obligație indivizibilă
C. obligația de garanție contra evicțiunii între debitori",C
Drept Civil,"25.  Cu excepţia cazurilor prevăzute de lege, darurile manuale pot avea că obiect bunuri mobile corporale cu o valoare de până la:","A. 100.000 lei
B. 50.000 lei
C. 25.000 lei.",C
Drept Civil,13.  În ceea ce privește răspunderea civilă delictuală:,"A. dacă prejudiciul a fost cauzat prin acțiunea simultană sau succesivă a mai multor persoane, fără să se poată stabili că a fost cauzat sau, după caz, că nu putea fi cauzat prin fapta vreuneia dintre ele, toate aceste persoane vor răspunde solidar față de victimă
B. minorii care nu au împlinit vârsta de 14 ani nu răspund, în niciun caz, de prejudiciul cauzat printr-o faptă ilicită
C. la stabilirea despăgubirii se are în vedere, dacă prin lege nu se prevede altfel, data pronunțării hotărârii judecătorești prin care debitorul este obligat la repararea prejudiciului cauzat creditorului prin fapta ilicită",A
Drept Civil,9.  În ceea ce privește dezmembrămintele dreptului de proprietate:,"A. când bunul dat în uzufruct a fost distrus în parte dintr-un caz fortuit, uzufructul continuă asupra părții rămase
B. bunul ce face obiectul dreptului de uz poate fi închiriat
C. servitutea de vedere este o servitute necontinuă",A
Drept Civil,8.  Atunci când debitorul plătește o sumă care nu este suficientă pentru a stinge cele două obligații bănești pe care le are față de același creditor:,"A. se va stinge mai întâi acea obligație care devenise scadentă, însă numai dacă imputația plății o face debitorul, deoarece creditorul nu poate pretinde plata anticipată;
B. debitorul poate indica obligația pe care preferă să o stingă cu prioritate, însă numai dacă imputația plății nu a fost deja făcută de creditor;
C. obligația mai puțin oneroasă nu se va stinge, împotriva voinței debitorului, cu prioritate față de obligația mai oneroasă.",C
Drept Civil,16.  În materia acţiunilor privind filiaţia:,"A. moştenitorii mamei pot porni acţiunea în tăgada paternităţii în termen de un an de la data decesului mamei, indiferent de momentul naşterii copilului
B. acţiunea în stabilirea filiaţiei faţă de mamă, introdusă de copil, poate fi continuată de moştenitorii acestuia, în condiţiilelegii
C. acţiunea în tăgada paternităţii introdusă de către cel care se pretinde tată biologic nu se prescrie în timpul vieţii sale.",BC
Drept Civil,10.  Constituie excepţie de la principiul forţei obligatorii în materia efectelor contractului:,"A. încetarea contractului de întreţinere încheiat pe durată determinată din cauza morţii creditorului întreţinerii, dacă aceasta a survenit înainte de expirarea duratei contractului
B. tacita relocaţiune
C. cazul în care părţile au convenit, la încheierea contractului, posibilitatea prelungirii efectelor acestuia sau a reînnoirii sale",A
Drept Civil,"24.  Spre deosebire de nulitatea relativă, nulitatea absolută:","A. desfiinţează toate efectele contractului
B. nu intervine în cazul contractului plurilateral
C. nu poate fi acoperită prin confirmare decât în cazurile prevăzute de lege.",C
Drept Civil,21.  Operează nulitatea absolută a:,"A. clauzei prin care se stabilește un termen de decădere ce face excesiv de dificilă săvârșirea actului de către partea interesată;
B. actului de administrare cu privire la bunurile din moștenire, încheiat de un nedemn cu un terț, chiar dacă profită moștenitorilor;
C. recunoașterii copilului, făcută din eroare.",A
Drept Civil,6.  În materie de moştenire legală:,"A. soţul supravieţuitor îl moşteneşte pe soţul decedat dacă, la data deschiderii moştenirii, nu există o hotărâre de divorţ definitivă
B. cota soţului supravieţuitor este de o jumătate din moştenire dacă vine în concurs cu sora tatălui defunctului
C. în cazul în care colateralii ordinari vin la moştenire prin reprezentare succesorală, moştenirea sau partea din moştenire ce li se cuvine se împarte între ei pe tulpină",A
Drept Civil,13.  În cazul regimului comunității legale:,"A. sunt bunuri proprii bunurile dobândite prin donație, chiar dacă dispunătorul a prevăzut, în mod expres, că ele vor fi comune
B. în toate cazurile, actele de înstrăinare având ca obiect bunuri comune nu pot fi încheiate decât cu acordul ambilor soți
C. sunt datorii comune ale soților obligațiile pe care aceștia le-au contractat împreună",C
Drept Civil,"20.  Dacă moştenirea legală de pe urmă lui D. a fost acceptată de NI. (mama defunctului), S. (sora defunctului, din aceiaşi părinţi), P. (fratele uterin al defunctului) şi N. (nepotul defunctului rezultat din căsătoria surorii uterine a defunctului cu fratele consangvin al defunctului, ambii predecedaţi):","A. S. va culege tot atât cât M.
B. N. va culege mai mult decât M.
C. F. va culege mai puţin decât M.",BC
Drept Civil,22.  În materia rezoluțiunii contractului:,"A. instanța, odată cu dispunerea rezoluțiunii, nu poate obliga debitorul și la plata de daune-interese, cu excepția cazului în care părțile au prevăzut o clauză penală
B. în cazul rezoluţiunii unilaterale, declarația de rezoluțiune trebuie făcută în termenul de prescripție prevăzut de lege pentru acțiunea corespunzătoare acesteia
C. în cazul contractului plurilateral, neîndeplinirea de către una dintre părți a obligației nu atrage rezoluțiunea contractului față de celelalte părți, cu excepția cazului în care prestația neexecutată trebuia, după circumstanțe, să fie considerată esențială",B
Drept Civil,22.  Compensaţia:,"A. nu poate fi opusă împotriva creditorului popritor (Primus) de către debitorul (Secundus) care, fiind terţ poprit, dobândeşte o creanţă asupra creditorului popritor (Primus)
B. nu operează dacă una dintre cele două datorii compensabile este afectată de un termen de graţie neîmplinit încă
C. care operează între creditor și unul dintre debitorii ținuți de o obligație indivizibilă, stinge obligaţia şi îi liberează pe ceilalţi codebitori, aceştia rămânând însă ţinuţi să plătească celui dintâi echivalentul părţilor lor din obligaţie",A
Drept Civil,"5.  În lipsă de stipulație contrară şi dacă nu există uzanțe, chiria se plăteşte:","A. în cazul unei locațiuni cu o durata de 5 ani, în prima zi lucrătoare a fiecărui trimestru
B. în avans pentru toată durata contractului, dacă aceasta nu depăşeşte o lună
C. în ultima zi lucrătoare a fiecărei luni, dacă durata locațiunii este mai mare de o lună, dar mai mică de un an.",AB
Drept Civil,7.  Riscul pieirii fortuite a bunului aparține:,"A. proprietarului bunului, numai dacă acesta nu a fost asumat de o altă persoană
B. creditorului obligaţiei de preluare a bunului, pus în întârziere
C. cumpărătorului, de la momentul plății ultimei rate, în cazul unei vânzări cu plata prețului în rate, chiar dacă predarea bunului s-a făcut anterior",B
Drept Civil,5.  Cedentul unei creanţe:,"A. răspunde pentru evictiunea decurgând din fapta să proprie, dacă cesionarul nu poate să facă creanţă opozabilă terţilor
B. răspunde pentru evicțiunea decurgând din fapta sa proprie, dacă cesionarul nu dobândeşte creanţă în patrimoniul său
C. nu garantează nici măcar existenţa creanţei la data cesiunii, dacă cesiunea este cu titlu gratuit, fără posibilitatea părţilor de a stipula contrariul.",AB
Drept Civil,10.  În materie de moștenire:,"A. introducerea de către un succesibil a acţiunii prin care cere instanţei judecătoreşti să declare nedemnitatea unui alt succesibil nu constituie un act de acceptare tacită a moştenirii de către succesibilul reclamant
B. legatarul universal intră în stăpânirea de fapt a moștenirii, în toate cazurile, prin eliberarea certificatului de moștenitor
C. acceptarea moștenirii consolidează transmisiunea moștenirii realizată de plin drept la data decesului",C
Drept Civil,3.  Este sancționată cu nulitatea absolută nerespectarea formei autentice la încheierea:,"A. promisiunii de vânzare a unui bun imobil, în vederea pronunțării unei hotărâri care să țină loc de act autentic
B. convențiilor care strămută sau constituie drepturi reale care urmează a fi înscrise în cartea funciară, afară de cazurile expres prevăzute de lege
C. contractului de comodat care include aprobarea prealabilă a comodantului ca bunul să poată fi folosit și de un terț",B
Drept Civil,19.  În ceea ce privește executarea prin echivalent a obligației contractuale:,"A. daunele-interese moratorii nu pot depăși, în niciun caz, nivelul dobânzii legale
B. la stabilirea daunelor-interese nu se ține seama, în niciun caz, de prejudiciile viitoare
C. debitorul nu se poate libera alegând plata despăgubirii convenite prin clauza penală în locul executării în natură a obligației principale",C
Drept Civil,8.  Confuziunea:,"A. nu operează dacă datoria și creanța se găsesc în același patrimoniu, dar în mase de bunuri diferite
B. când operează între creditor și fideiusor nu profită debitorului principal, ci doar celorlalți fideiusori
C. este definitivă, în sensul că nu încetează odată cu dispariția cauzei care a determinat-o",A
Drept Civil,1.  Dreptul de proprietate privată:,"A. are caracter relativ, spre deosebire de dreptul de proprietate publică
B. are caracter absolut, spre deosebire de dreptul de proprietate publică
C. în condiţiile legii, este susceptibil de modalităţi şi dezmembraminte, după caz.",C
Drept Civil,15.  În materia viciilor de consimțământ:,"A. eroarea de drept este esențială atunci când privește o normă juridică determinantă, potrivit voinței părților, pentru încheierea contractului
B. violenţa exercitată de un terţ poate atrage anularea contractului dacă partea al cărei consimţământ nu a fost viciat cunoştea sau, după caz, ar fi trebuit să cunoască violenţa săvârşită de către terţ
C. contractul de întreţinere cu titlu oneros poate fi anulat pentru leziune",A
Drept Civil,"7.  În cazul în care prejudiciul este cauzat prin căderea unui lucru dintr-un imobil, victima, pe acest temei, poate pretinde despăgubiri:","A. fie de la cel care ocupă imobilul, însă numai dacă o face în baza unui titlu, fie de la proprietarul imobilului;
B. de la cel care ocupă imobilul, chiar fără niciun titlu, cu excepția cazului în care sunt îndeplinite și condițiile răspunderii pentru prejudiciile cauzate de lucruri;
C. fără a fi ținută să facă dovada culpei celui care ocupă imobilul.",C
Drept Civil,"11.  În afară de alte cazuri prevăzute de lege, subrogaţia se produce de drept:","A. în toate cazurile în care este constatată printr-un înscris
B. în folosul creditorului, chiar chirografar, care plăteşte unui creditor care are un drept de preferinţă, potrivit legii
C. în folosul dobânditorului unui bun care îl plăteşte pe titularul creanţei însoţite de o garanţie asupra bunului respectiv.",BC
Drept Civil,7.  Cu privire la vocaţia multiplă la moştenire:,"A. dacă din testament rezultă că defunctul a intenţionat să diminueze cota ce i s-ar fi cuvenit legatarului ca moştenitor legal, acesta din urmă poate opta doar ca legatar, numai atunci când i-a fost încălcată rezerva succesorală
B. legatarul chemat la moştenire şi ca moştenitor legal este obligat să accepte moştenirea în cel puţin una dintre calităţi
C. legatarul, descendent de gradul V al defunctului, chemat la moştenire şi ca moştenitor legal, ca regulă, îşi va putea exercita opţiunea în oricare dintre aceste calităţi",C
Drept Civil,9.  Cesiunea unei universalităţi de creanţe:,"A. poate avea că obiect numai creanţe exigibile la momentul cesiunii
B. permite cesionarului să efectueze acte de conservare cu privire la drepturile cedate
C. nu poate fi făcută cu titlu gratuit.",B
Drept Civil,23.  Creditorii personali:,"A. ai unuia dintre soţi nu pot urmări bunurile comune ale acestora
B. ai succesibilului pot accepta moştenirea, pe cale oblică, în limita îndestulării creanței lor
C. ai unui coproprietar nu pot să intervină în partajul cerut de coproprietari ori de un alt creditor",A
Drept Civil,"12.  Proprietarul unui câine răspunde pentru prejudiciul cauzat de acesta, în temeiul răspunderii pentru prejudiciile cauzate de animale:","A. independent de orice culpă
B. independent de orice culpă, însă numai în cazul în care câinele a scăpat de sub paza sa
C. doar dacă a influențat în mod direct comportamentul agresiv al câinelui",A
Drept Civil,18.  Dreptul la acțiune este imprescriptibil:,"A. ori de câte ori, prin natura sau obiectul dreptului subiectiv ocrotit, exercițiul său nu poate fi limitat în timp;
B. în cazul acţiunii în constatarea nulităţii absolute a certificatului de moştenitor, numai dacă obiectul acestuia îl constituie partajul succesoral;
C. atunci când părțile convin astfel.",A
Drept Civil,10.  În materia dării în plată:,"A. este necesar consimțământul creditorului, însă, dacă valoarea lucrului oferit este cel puțin egală cu aceea a obiectului obligației, instanța, la cererea debitorului, va pronunța o hotărâre care să țină loc de liberare a debitorului prin dare în plată;
B. debitorul nu poate oferi, în locul prestației inițiale, decât o prestație constând într-un bun individual determinat aflat în proprietatea sa;
C. dacă se activează răspunderea debitorului pentru evicțiune, garanțiile oferite de terți nu renasc în cazul în care creditorul preferă să ceară prestația inițială.",C
Drept Civil,24.  În materia contractului de donaţie:,"A. donatorul răspunde numai pentru doi şi culpă gravă în executarea contractului
B. în cazul donaţiei cu sarcini, numai dacă valoarea acestora depăşeşte valoarea bunului donat, donatorul răspunde pentru evicţiune
C. desfacerea căsătoriei prin divorţ atrage nulitatea absolută a donaţiei făcute între soţi",A
Drept Civil,4.  Uzufructuarul:,"A. poate pretinde, la încetarea uzufructului, despăgubiri pentru îmbunătățirile aduse unui bun mobil, numai atunci când prin acestea a sporit valoarea bunului
B. B.	nu are obligația de a întocmi inventarul bunurilor mobile atunci când uzufructul asupra acestora este dobândit prin uzucapiune
C. este ținut, în orice caz, să respecte destinația dată bunurilor de nudul proprietar",B
Drept Civil,16.  Îndeplinirea condiției rezolutorii:,"A. în lipsa unei stipulații contrare, nu are efecte asupra prestațiilor executate in baza unui contract cu executare succesivă;
B. nu are efecte asupra posibilității de a renunța la condiție;
C. produce efecte retroactiv, din momentul încheierii contractului, dacă din voința părților, natura contractului ori dispozițiile legale nu rezultă contrariul.",AC
Drept Civil,10.  În materie de confuziune:,"A. aceasta nu operează dacă datoria şi creanţa se găsesc în acelaşi patrimoniu, dar în mase de bunuri diferite
B. dispariţia cauzei care a determinat-o face să renască obligaţia de la data dispariţiei cauzei
C. confuziunea nu aduce atingere drepturilor dobândite anterior de terţi, în legătură cu creanţa stinsă pe această cale, cu condiţia ca drepturile terţilor să fi fost dobândite de aceştia prin acte cu titlu oneros şi cu bună credinţă.",A
Drept Civil,"15.  Autorul de rea-credinţă al unei lucrări autonome cu caracter durabil, realizate pe terenul altuia:","A. nu este îndreptăţit să aleagă modalitatea de stabilire a despăgubirilor pe care i le va plăti proprietarul terenului
B. poate fi obligat la ridicarea construcţiei pe propria cheltuială
C. nu poate fi obligat să cumpere terenul la valoarea de circulaţie pe care acesta ar fi avut-o dacă lucrarea nu s-ar fi realizat.",AB
Drept Civil,11.  În materia obligaţiei vânzătorului de garanţie contra viciilor ascunse ale bunului vândut:,"A. cumpărătorul poate obţine numai reducerea corespunzătoare a preţului sau rezoluțiunea vânzării
B. părţile pot conveni în mod valabil înlăturarea sau limitarea răspunderii vânzătorului atunci când acesta nu a cunoscut existenţa viciilor la data încheierii contractului
C. una dintre condiţiile legale ale angajării răspunderii este aceea că viciul sau cauza lui să existe la data predării bunului.",BC
Drept Civil,14.  Constituie novație:,"A. modificarea termenului de executare a obligației sau schimbarea cuantumului datoriei inițiale
B. convenția prin care debitorul contractează față de creditor o obligație nouă, care înlocuiește și stinge obligația inițială
C. refacerea unui contract nul absolut",B
Drept Civil,"8.  În cazul regimului comunităţii legale, sunt bunuri proprii ale fiecărui soț:","A. drepturile patrimoniale de proprietate intelectuală asupra creațiilor sale și asupra semnelor distinctive pe care le-a înregistrat
B. veniturile cuvenite în temeiul unui drept de proprietate intelectuală, numai în cazul în care creanța privind încasarea lor devine scadentă în timpul regimului comunității legale
C. bunurile destinate exercitării profesiei unuia dintre soţi, dacă nu sunt elemente ale unui fond de comerţ care face parte din comunitatea de bunuri.",A
Drept Civil,19.  Este de drept nedemnă de a moşteni:,"A. soţia celui care lasă moştenirea, care, prin violenţă, l-a împiedicat pe acesta să revoce testamentul întocmit în favoarea sa
B. persoana care, cu rea-credinţă, a distrus testamentul defunctului
C. persoana condamnată penal pentru săvârşirea unei infracţiuni cu intenţia de a-l ucide pe cel care lasă moştenirea.",C
Drept Civil,"18.  În materia contractului de vânzare, în lipsa unei stipulaţii legale sau convenționale contrare:","A. proprietatea se transmite de drept cumpărătorului, la momentul încheierii contractului, numai atunci când bunul a fost predat anterior, indiferent dacă preţul a fost sau nu plătit
B. vânzătorul datorează cumpărătorului garanţie împotriva evicţiunii ce rezultă din pretenţiile unui terţ, indiferent de data naşterii dreptului terţului
C. indiferent dacă le-a cunoscut sau nu, vânzătorul garantează contra acelor vicii ale bunului vândut care, la data predării, nu puteau fi descoperite fără asistenţă de specialitate, de către un cumpărător prudent şi diligent şi care fac bunul vândut impropriu întrebuinţării la care este destinat sau care îi micşorează în asemenea măsură întrebuinţarea sau valoarea încât, dacă le-ar fi cunoscut, cumpărătorul nu ar fi cumpărat sau ar fi dat un preţ mai mic",C
Drept Civil,24.  În materia autorităţii părinteşti:,"A. părintele minor care a împlinit vârstă de 14 ani are drepturile şi îndatoririle părinteşti cu privire la persoană şi bunurile copilului
B. instanţa sesizată cu o cerere privind stabilirea filiaţiei copilului din afară căsătoriei este obligată să dispună asupra modului de exercitare a autorităţii părinteşti, fiind aplicabile prin asemănare dispoziţiile privitoare la divorţ
C. după divorţ, autoritatea părintească revine în comun ambilor părinţi, afară de cazul în care instanţa decide altfel.",BC
Drept Civil,21.  Punerea în întârziere:,"A. prin notificarea de către creditor a unuia dintre codebitorii solidari produce efecte şi în privinţa celorlalţi
B. prin notificarea debitorului făcută de unul dintre creditorii solidari nu produce efecte în privinţa celorlalţi creditori
C. poate fi făcută prin notificare scrisă, care se comunică debitorului numai prin executor judecătoresc",A
Drept Civil,11.  În materia împrumutului de folosință:,"A. riscul pieirii fortuite a bunului împrumutat nu revine în nicio situaţie comodantului
B. dacă mai multe persoane au împrumutat împreună același bun, ele răspund solidar față de comodant
C. comodantul răspunde pentru pieirea bunului împrumutat când aceasta este cauzată de forţa majoră de care comodatarul l-ar fi putut feri întrebuinţând un bun propriu",B
Drept Civil,"19.  Prejudiciul, în materia răspunderii civile delictuale:","A. se repară integral, numai prin echivalent, dacă fapta ilicită a fost săvârşită cu intenţie directă
B. poate fi reparat prin plata unei despăgubiri stabilite printr-o convenţie încheiată între victimă şi autorul prejudiciului, doar dacă aceasta îmbracă forma autentică
C. în caz de vătămare a integrităţii corporale sau a sănătăţii, poate fi reparat prin acordarea şi a unei despăgubiri victimei pentru restrângerea posibilităţilor sale de viaţă familială şi socială",C
Drept Civil,6.  Plata:,"A. efectuată de o altă persoană decât debitorul, poate fi refuzată de creditor în cazul în care s-a stipulat expres că obligația poate fi executată numai de către debitor
B. efectuată de un minor în temeiul unui contract anulat ulterior, în mod definitiv, pentru leziune este supusă restituirii
C. făcută cu bună-credință unui moștenitor aparent, în temeiul unui certificat de moștenitor anulat ulterior, în mod definitiv, nu îl exonerează pe debitor de obligația pe care o are față de adevăratul creditor",A
Drept Civil,"15.  Potrivit regulilor devoluţiunii legale, în cazul în care moştenirea este acceptată de vărul primar V (copilul unchiului predecedat U1) şi de unchiul U2, moştenirea va fi culeasă de:","A. vărul primar V împreună cu unchiul U2, în cote egale
B. vărul primar V, în întregime
C. unchiul U2, în întregime.",C
Drept Civil,6.  Remiterea de datorie:,"A. făcută debitorului principal îl liberează numai pe fideiusor, iar nu şi pe alte persoane ţinute pentru el
B. nu este prezumată în privinţa creanţei garantate dacă creditorul renunţă expres la un privilegiu sau la o ipotecă
C. dacă este convenită cu unul dintre fideiusori, ceilalţi rămân obligaţi să garanteze pentru tot, cu includerea părţii garantate de acesta, numai dacă au consimţit expres la exonerarea lui.",BC
Drept Civil,9.  Un coproprietar:,"A. are dreptul să culeagă fructele produse de bunul aflat în coproprietate obișnuită, proporțional cu cota lui parte din drept, sau toate fructele produse de respectivul bun, în baza unui contract de administrarea bunului încheiat cu ceilalți coproprietari
B. poate denunța un contract de locațiune a bunului aflat în coproprietate obișnuită, fără acordul celorlalți coproprietari, dacă deține majoritatea cotelor părți
C. poate ipoteca bunul proprietate periodică, în privința intervalului de timp ce îi revine",BC
Drept Civil,2.  Este necesar acordul tuturor coproprietarilor:,"A. pentru încheierea unui contract de comodat cu privire la bunul comun
B. pentru încheierea unui contract de locaţiune a bunului comun mobil pe o durată de 2 ani
C. pentru încheierea unui contract de întreţinere, dacă proprietatea asupra bunului comun este transmisă în schimbul întreţinerii, însă numai în ipoteza în care în contract s-a stabilit că întreţinerea se datorează pentru toată durata vieţii creditorului întreţinerii",A
Drept Civil,8.  În ceea ce priveşte exercitarea dreptului de opţiune succesorală:,"A. creditorii succesibilului nu pot accepta moştenirea, pe cale oblică, în vederea îndestulării creanţei lor
B. renunţarea la totalitatea drepturilor asupra unei moşteniri, chiar gratuită, în folosul unui moştenitor determinat constituie un act de administrare definitivă şi, ca atare, un act de acceptare tacită a moştenirii
C. legatarul cu titlu particular răspunde pentru pasivul moştenirii culese de testator şi nelichidate încă, dacă legatul are ca obiect acea moştenire",C
Drept Civil,1.  În ceea ce privește contractul de împrumut de consumație care are ca obiect o sumă de bani:,"A. dacă împrumutul este cu titlu gratuit, termenul de restituire se prezumă a fi stipulat numai în favoarea împrumutatului
B. până la proba contrară, împrumutul se prezumă a fi cu titlu gratuit
C. dacă nu a fost convenit un termen de restituire, obligația de restituire trebuie executată, în toate cazurile, de îndată",A
Drept Civil,11.  Reprezintă o aplicaţie a conversiunii actului juridic civil:,"A. cazul manifestării de voinţă care e nulă ca vânzare, dar valorează antecontract de vânzare
B. refacerea actului juridic nul
C. novaţia",A
Drept Civil,16.  În ceea ce privește obligațiile solidare:,"A. dacă obligația este solidară între creditori, debitorul se poate libera, în toate cazurile, plătind oricăruia dintre creditorii solidari
B. dacă obligația este solidară între debitori, există solidaritate chiar dacă debitorii sunt obligați sub modalități diferite
C. hotărârea judecătorescă pronunțată în favoarea unuia dintre codebitorii solidari profită, în toate cazurile, și celorlați codebitori solidari",B
Drept Civil,"22.  Spre deosebire de fratele defunctului, fiul acestuia din urmă:","A. dacă a renunțat la moștenire, poate fi reprezentat de către descendentul său nedemn faţă de defunct
B. înlătură de la moștenire pe tatăl defunctului, în cazul moştenirii legale
C. este moștenitor rezervatar",B
Drept Civil,"9.  În materia viciilor de consimţământ, eroarea:","A. poate conduce la anularea unui contract de tranzacţie, chiar atunci când este nescuzabilă
B. nu poate conduce la declararea nulităţii relative a unui contract de comodat, dacă poartă asupra unui fapt care, după împrejurări, putea fi cunoscut cu diligenţe rezonabile
C. poate fi invocată cu privire la interpretarea dispoziţiilor legale, chiar dacă acestea sunt accesibile şi previzibile",B
Drept Civil,22.  Poate forma obiect al cesiunii:,"A. creanţa viitoare, caz în care actul trebuie să cuprindă elementele care permit identificarea creanţei cedate
B. dreptul creditorului de a primi prestaţiile necesare întreţinerii şi îngrijirii sale stabilite într-un contract de întreţinere pe durată determinată
C. dreptul de abitaţie al soţului supravieţuitor",A
Drept Civil,21.  În cazul contractului de întreţinere:,"A. acesta se poate încheia prin înscris sub semnătură privată, dacă a fost înregistrat ulterior la organele fiscale
B. întreținerea continuă a fi datorată în aceeaşi măsură chiar dacă, în cursul executării contractului, bunul care a constituit capitalul a pierit total, dintr-o cauză pentru care creditorul întreținerii nu este ţinut să răspundă
C. părţile pot stabili că rezoluțiunea poate fi declarată unilateral, prin notificarea scrisă a debitorului, atunci când comportamentul acestuia face imposibilă executarea contractului în condiţii conforme bunelor moravuri",B
Drept Civil,"10.  Spre deosebire de cazul acţiunii revocatorii, în ipoteza acţiunii oblice:","A. hotărârea judecătorească de admitere a acţiunii profită tuturor creditorilor, chiar dacă nu au intervenit în cauză, fără nicio preferinţă în favoarea creditorului care a exercitat acţiunea
B. creanţa invocată de creditor trebuie să fie certă
C. dispoziţiile în materie ale Codului civil din 2009 se aplică şi creditorilor ale căror creanţe s-au născut înainte de dată intrării sale în vigoare, dacă scadenţa se situează după această dată.",A
Drept Civil,25.  În materia actului juridic civil:,"A. dacă prin lege nu se prevede altfel, bunurile unui terţ pot face obiectul unei prestaţii
B. obiectul trebuie să fie determinat şi licit, sub sancţiunea nulităţii relative
C. spre deosebire de terţul autor al unui dol, terţul autor al unei violențe, independent de anularea contractului pentru viciul de consimţământ respectiv, răspunde pentru prejudiciile ce ar rezulta.",A
Drept Civil,15.  Recunoașterea unui copil:,"A. se poate face de către părintele minor necăsătorit numai dacă are discernământ la data recunoașterii;
B. este irevocabilă, cu excepția situației în care se face prin testament;
C. este valabilă numai dacă, la data recunoașterii, copilul respectiv era în viață.",A
Drept Civil,"23.  Renunţarea la dreptul de a invocă nulitatea relativă a unui contract, pentru violenţă:","A. poate fi făcută numai prin înscris autentic sau sub semnătură privată
B. presupune că, la momentul renunţării, violenţa să fi încetat
C. îşi produce efectele din momentul încheierii contractului.",BC
Drept Civil,9.  În ceea ce priveşte repararea prejudiciului în cazul răspunderii civile delictuale:,"A. dacă fapta ilicită a fost săvârşită de prepușii unor comitenţi diferiţi, comitentul care a plătit integral despăgubirile are drept de regres numai împotriva celorlalţi comitenţi şi a prepuşilor lor, proporţional cu partea ce corespunde contribuţiei fiecărui prepus la cauzarea prejudiciului
B. comitentul care a plătit despăgubirile se poate regresa împotriva părinţilor prepusului său minor, autor al faptei ilicite, dacă probează că aceasta constituie o exercitare necorespunzătoare a atribuţiilor prepusului din cauza modului în care părinţii şi-au îndeplinit îndatoririle părinteşti
C. notarul public care a autentificat un contract anulat prin hotărâre judecătorească definitivă, pentru o cauză de nulitate a cărei existenţă rezultă din însuşi textul acestuia, răspunde numai în limita prejudiciului nereparat prin anularea actului.",C
Drept Civil,5.  În materie de nedemnitate judiciară:,"A. poate fi declarată nedemnă de a moşteni persoana care, din eroare, a distrus testamentul defunctului
B. introducerea acţiunii în declararea nedemnităţii valorează motiv de repunere în termenul de opţiune succesorală pentru reclamant
C. efectele nedemnităţii nu pot fi înlăturate prin amnistie intervenită după condamnare şi nici prin graţiere",C
Drept Civil,12.  În cazul aplicării în timp a legii civile:,"A. actul juridic afectat de o cauză de ineficacitate sub imperiul legii vechi, alta decât una care atrage nulitatea, este considerat eficace dacă legea nouă înlătură cauza de ineficacitate
B. dispozițiile legii noi sunt aplicabile efectelor viitoare ale situațiilor juridice născute anterior intrării în vigoare a acesteia, derivate din obligația legală a moștenitorului persoanei care a fost obligată la întreținerea unui minor de a continua întreținerea pe perioada cât cel întreținut este minor, dacă părinții acestuia au murit, în limita valorii bunurilor moștenite, dacă această situație juridică subzistă după intrarea în vigoare a legii noi
C. prescripţia începută sub imperiul legii vechi, neîmplinită la momentul intrării în vigoare a legii noi, este supusă dispoziţiilor legale ale legii noi, dacă acestea permit împlinirea prescripţiei în condiţii mai favorabile",B
Drept Civil,18.  Constituie caz de revocare a donației:,"A. nașterea unui copil al donatorului, ulterior intrării în vigoare a Codului civil din 2009
B. dacă donatarul știa că fratele său intenționează să atenteze la viața unei persoane apropiate donatorului și nu l-a înștiințat pe acesta din urmă
C. neexecutarea fără justificare a sarcinilor la care s-a obligat donatarul",B
Drept Civil,14.  Contractul:,"A. nu este valabil atunci când cauza acestuia nu este prevăzută expres în conținutul său
B. se consideră, de asemenea, încheiat în momentul în care destinatarul ofertei săvârșește un act sau un fapt concludent, fără a-l înștiința pe ofertant, dacă, în temeiul ofertei, al practicilor statornicite între părți, al uzanțelor sau potrivit naturii afacerii, acceptarea se poate face în acest mod
C. încheiat de o parte aflată în stare de necesitate poate fi anulat, pentru acest motiv, chiar dacă cealaltă parte nu a profitat de această împrejurare",B
Drept Civil,18.  În cazul neexecutării unei obligații:,"A. de a nu face, creditorul nu este îndreptățit să ceară instanței încuviințarea de a înlătura, pe cheltuiala debitorului, ceea ce acesta din urmă a făcut cu încălcarea obligației de a nu face
B. de a face, dacă debitorul nu este de drept în întârziere, creditorul poate, pe cheltuiala debitorului, să o execute el însuși, sub singura condiție a punerii în întârziere a debitorului
C. creditorul poate cere întotdeauna ca debitorul să fie constrâns să execute obligația în natură, cu excepția cazului în care o asemenea executare este imposibilă",C
Drept Civil,6.  În cazul prescripției:,"A. dreptului la acțiune în restituirea prestațiilor făcute în temeiul unui act desființat pentru rezoluțiune, termenul de prescripție curge, în toate situațiile, de la data rămânerii definitive a hotărârii prin care s-a desființat actul
B. dreptului la acțiune în repararea unei pagube care a fost cauzată printr-o faptă ilicită, termenul de prescripție începe să curgă de la data când păgubitul a cunoscut sau trebuia să cunoască atât paguba, cât și pe cel care răspunde de ea
C. începute și neîmplinite, dacă partea îndreptăţită, având capacitatea de a înstrăina sau de a se obliga, renunţă la beneficiul termenului scurs, sunt aplicabile dispoziţiile privitoare la întreruperea prescripţiei prin recunoaşterea dreptului",B
Drept Civil,14.  În materia prescripţiei extinctive:,"A. întreruperea prescripţiei împotriva debitorului principal sau contra fideiusorului produce efecte împotriva amândurora
B. prescripţia se întrerupe, printre altele, prin depunerea cererii de intervenţie în cadrul urmăririi silite pornite de alţi creditori
C. în cazul în care nulitatea relativă poate fi invocată de o terţă persoană, prescripţia începe să curgă în cel mult 18 luni de la data când terţul a cunoscut, putea sau trebuia să cunoască existenţa cauzei de nulitate.",AB
Drept Civil,9.  Acţiunea posesorie:,"A. nu poate fi introdusă în termenul legal de prescripție de un an de la deposedare de cel care exercită o posesie viciată, chiar dacă deposedarea sa a fost violentă
B. nu poate fi introdusă împotriva unui terț de titularul unui drept de uzufruct viager asupra unei locuințe, întrucât acesta are la dispoziție acțiunea confesorie
C. poate fi introdusă dacă există motive temeinice să se considere că bunul posedat poate fi distrus ori deteriorat ca urmare a unor lucrări, precum efectuarea unor săpături pe fondul învecinat",C
Drept Civil,"11.  Asemănător uzufructuarului, comodatarul:","A. folosește bunul altuia, cu obligația de a-l restitui după un anumit timp
B. beneficiază de un drept real de folosință
C. poate transmite, cu titlu oneros, folosința bunului în favoarea unei terțe persoane, chiar atunci când nu are aprobarea prealabilă a comodantului",A
Drept Civil,3.  Tranzacţia:,"A. nu poate fi încheiată în faza executării silite
B. pentru a fi valabilă, trebuie să fie încheiată în scris, indiferent de obiectul tranzacţiei
C. încheiată pe baza unor înscrisuri dovedite ulterior că fiind false este nulă.",C
Drept Civil,4.  Dreptul de superficie:,"A. este un drept temporar, ce poate fi constituit pe o durata de cel mult 99 de ani, fără posibilitatea reînnoirii, la împlinirea termenului
B. nu poate înceta pe calea partajului între superficiar şi proprietarul terenului
C. este un drept imprescriptibil extinctiv, acţiunea confesorie întemeiată pe dreptul de superficie putând fi intentată împotriva oricărei persoane care împiedică exercitarea dreptului, mai puţin împotriva proprietarului terenului.",B
Drept Civil,1.  Dreptul de concesiune corespunzător dreptului de proprietate publică:,"A. permite concesionarului să înstrăineze bunurile rezultate din realizarea concesiunii pentru a asigura exploatarea bunului
B. permite concesionarului să păstreze fructele bunului concesionat
C. este apărat, de către concedent, pe calea acțiunii confesorii",B
Drept Civil,7.  Rectificarea intabularii în cartea funciară:,"A. se poate face pe cale amiabilă, prin declarația titularului dreptului ce urmează a fi radiat sau modificat, constatată prin înscris sub semnătură privată
B. se poate cere şi atunci când dreptul înscris a fost greşit calificat
C. se poate face pe cale amiabilă, numai atunci când au încetat efectele actului juridic în temeiul căruia s-a făcut înscrierea",B
Drept Civil,3.  Este lovit de nulitate absolută:,"A. legatul prin care o persoană cu capacitate deplină de exercițiu dispune cu titlu gratuit de toate bunurile sale în favoarea unei persoane care urmează să fie determinată după anumite criterii care vor fi stabilite ulterior datei decesului dispunătorului
B. actul sub semnătură privată prin care au fost enumerate și evaluate bunurile mobile ce fac obiectul unui contract de donație
C. contractul de împrumut de consumație încheiat printr-un înscris sub semnătură privată",A
Drept Civil,5.  Nu este nul:,"A. contractul de tranzacție încheiat pentru executarea unui act juridic lovit de nulitate absolută în cazul în care părțile tranzacționează expres asupra nulității
B. contractul de donație afectat de o condiție a cărei realizare depinde exclusiv de voința donatarului
C. contractul de donație prin care donatorul și-a rezervat dreptul de a dispune de toate bunurile donate",AB
Drept Civil,1.  Un creditor a cărui creanță s-a născut în baza unui contract încheiat la data de 01.09.2011:,"A. poate exercita acțiunea oblică în temeiul Codului civil din 2009, dacă obligația de plată aferentă dreptului de creanță a devenit scadentă după data de 01.10.2011
B. poate exercita acțiunea oblică în temeiul Codului civil din 2009, dacă obligația de plată aferentă dreptului de creanță este afectată de o condiție suspensivă, care s-a îndeplinit după data de 01.10.2011
C. nu poate exercita acțiunea oblică în temeiul Codului civil din 2009, deoarece contractele sunt supuse dispozițiilor legii în vigoare la data la când au fost încheiate în ceea ce privește încheierea, interpretarea, efectele, executarea și încetarea",AB
Drept Civil,18.  Stingerea unei obligații se poate face:,"A. prin compensație între două datorii reciproce, chiar dacă pentru una dintre ele s-a acordat termen de grație
B. atunci când, în cadrul aceluiași raport obligațional, calitățile de creditor și debitor se întrunesc în aceeași persoană, chiar dacă datoria și creanța se găsesc în același patrimoniu, dar în mase de bunuri diferite
C. în cazul imposibilității fortuite de executare, chiar dacă notificarea debitorului cu privire la aceasta nu ajunge la creditor într-un termen rezonabil din momentul în care debitorul a cunoscut sau trebuia să cunoască imposibilitatea de executare",AC
Drept Civil,"14.  În materia divorțului prin acordul soților pe cale administrativă, refuzul ofițerului de stare civilă de a constata desfacerea căsătoriei și de a emite certificatul de divorț:","A. se atacă cu acțiune în anulare în termen de 30 zile de la emitere;
B. nu poate face obiectul unei căi de atac;
C. constituie temei pentru formularea unei acțiuni în repararea prejudiciului doar dacă refuzul nu se întemeiază pe împrejurarea că soții nu se înțeleg asupra numelui de familie pe care să îl poarte după divorț ori asupra exercitării în comun a drepturilor părintești.",B
Drept Civil,4.  În materia autorităţii părinteşti:,"A. părintele minor care a împlinit vârsta de 14 ani nu are drepturile şi îndatoririle părinteşti cu privire la bunurile copilului
B. drepturile şi îndatoririle părinţilor cu privire la bunurile copilului sunt aceleaşi cu cele ale tutorelui, însă nu se întocmeşte inventarul prevăzut de lege, chiar dacă minorul are şi alte bunuri decât cele de uz personal
C. decăderea din exerciţiul drepturilor părinteşti poate fi dispusă de autorităţile administraţiei publice cu atribuţii în domeniul protecţiei drepturilor copilului, dacă părintele pune în pericol dezvoltarea acestuia prin consumul de alcool sau stupefiante",A
Drept Civil,1.  Intervertirea detenției precare în posesie are loc atunci când detentorul precar:,"A. înstrăinează bunul printr-un act translativ de proprietate cu titlu particular, doar dacă dobânditorul este de bună-credință;
B. notifică posesorului refuzul de a-i restitui bunul până la îndeplinirea de către acesta din urmă a obligațiilor ce-i revin în temeiul contractului încheiat cu detentorul precar;
C. încheie, cu bună-credință, un act translativ de proprietate cu titlu particular cu o altă persoană decât proprietarul bunului.",A
Drept Civil,16.  Acţiunea în revendicare imobiliară:,"A. poate fi admisă în cazul în care este introdusă de comodatar, chiar şi împotriva proprietarului
B. a unui bun comun poate fi formulată de către un singur coproprietar chiar dacă ceilalţi coproprietari se opun
C. nu poate fi introdusă împotriva posesorului de bună-credinţă",B
Drept Civil,12.  Este prescriptibil extinctiv dreptul la acţiunea având ca obiect:,"A. repararea prejudiciului adus mediului înconjurător
B. constatarea inexistenţei dreptului de creanţă al pârâtului locatar vizând contravaloarea îmbunătăţirilor pretins aduse imobilului reclamantului locator
C. partajul folosinţei unui bun comun",A
Drept Civil,23.  Prestația compensatorie:,"A. poate fi stabilită sub forma uzufructului asupra unor bunuri mobile care aparțin debitorului
B. se poate acorda în completarea pensiei de întreținere la care fostul soț este obligat, numai dacă aceasta din urmă nu compensează dezechilibrul semnificativ pe care divorțul îl determină în condițile de viață ale creditorului
C. încetează prin recăsătorirea debitorului",A
Drept Civil,"25.  Dacă fapta prin care au fost distruse sau deteriorate bunurile altuia a fost săvârșită în interesul unei terțe persoane, în condițiile stării de necesitate, cel prejudiciat:","A. se poate îndrepta împotriva terţului, în temeiul îmbogățirii fără justă cauză
B. se poate îndrepta împotriva terţului, în temeiul răspunderii civile delictuale
C. nu poate recupera prejudiciul",A
Drept Civil,"22.  În cazul în care o moştenire legală se împarte între soţia supravieţuitoare, mama defunctului şi o sora a defunctului:","A. mama defunctului va culege 1/6 din moştenire
B. fiecare va culege câte 1/3 din moştenire
C. sora defunctului va culege 1/2 din moştenire.",AC
Drept Civil,15.  În ceea ce privește stipulația pentru altul:,"A. beneficiarul dobândește, prin efectul stipulației, dreptul de a cere direct stipulantului executarea prestației
B. stipulația poate fi acceptată și după decesul stipulantului, dar nu după decesul promitentului
C. creditorii stipulantului nu pot revoca stipulația",C
Drept Civil,23.  Actul confirmativ al unui act juridic anulabil pentru vicierea consimtamântului prin violenţă:,"A. pentru a fi valabil sub aspectul cuprinsului său legal, trebuie să conţină, printre altele, obiectul, cauza şi natura obligaţiei
B. implică, prin el însuşi, renunţarea la dreptul de a cere daune-interese
C. poate fi încheiat, cu respectarea celorlalte condiţii de validitate, de cel al cărui consimţământ a fost viciat, numai după încetarea violenţei.",AC
Drept Civil,"8.  În cazul în care se realizează o lucrare autonomă cu caracter durabil asupra imobilului altuia, de către o persoană:","A. proprietarul imobilului are dreptul să ceară, indiferent de buna sau reaua sa credință, obligarea autorului lucrării să cumpere imobilul la valoarea de circulație pe care acesta ar fi avut-o, dacă lucrarea nu s-ar fi efectuat
B. dacă respectiva persoană a construit având autorizațiile cerute de lege, proprietarul imobilului, indiferent de buna sau reaua sa credință, are dreptul să ceară instanței să dispună înscrierea sa în cartea funciarăca proprietar al lucrării, plătind autorului lucrării jumătate din valoarea materialelor și a manoperei
C. proprietarul imobilului are dreptul să solicite de la constructorul de rea credință desființarea construcției și daune-interese pentru lipsa de folosință, numai dacă dovedește că nu a fost în pasivitate pe durata realizării construcției",A
Drept Civil,16.  Uzufructuarul:,"A. unei turme care a pierit în întregime din cauze neimputabile acestuia va restitui numai pieile ori valoarea acestora
B. va suportă reparaţiile mari atunci când acestea sunt determinate de neefectuarea reparaţiilor de întreţinere
C. poate ceda dreptul sau unui terţ numai prin act juridic cu titlu oneros.",AB
Drept Civil,19.  Nedemnitatea judiciară:,"A. poate fi declarată la cererea oricărei persoane interesate;
B. poate fi declarată în cazul succesibilului care, cu rea-credinţă, a alterat testamentul defunctului;
C. poate fi invocată, pe cale de acțiune, în termen de 3 ani de la data deschiderii moștenirii.",B
Drept Civil,6.  În ceea ce privește contractul de întreținere:,"A. dacă prestarea sau primirea în natură a întreținerii nu mai poate continua din motive obiective, se poate cere rezoluțiunea contractului
B. caracterul său personal poate fi invocat de părți pentru a se opune acțiunii în revocarea contractului introduse de creditorii acestora
C. încheiat pe durată determinată, acesta încetează la expirarea duratei respective, cu excepția cazului când creditorul întreținerii decedează mai devreme",C
Drept Civil,4.  Ulterior realizării condiției suspensive:,"A. transmisiunile de drepturi consimțite anterior realizării condiției de către titularul dreptului condițional sunt desființate
B. o plată efectuată anterior realizării condiției, deși nedatorată, nu mai poate fi restituită
C. o garanție constituită de vânzător în favoarea unui terț asupra imobilului vândut sub condiție suspensivă se consolidează",B
