Drept Procesual Civil,26.  Mandatul judiciar încetează:,"A. prin moartea celui care l-a dat
B. dacă mandantul a devenit incapabil
C. dacă este retras de către moştenitorii celui care l-a dat.",C
Drept Procesual Civil,26.  Cererea de recuzare:,"A. se soluționează, în toate cazurile, de un alt complet al instanței respective, în compunerea căruia nu poate intra judecătorul recuzat
B. împotriva expertului trebuie formulată în termen de 5 zile de la numirea expertului, dacă motivul ei există la acea dată
C. formulată înainte de închiderea dezbaterilor nu împiedică pronunţarea soluţiei în cauză",B
Drept Procesual Civil,"42.  Poate fi invocată în orice stare a procesului, în primă instanţă:","A. excepţia autorităţii de lucru judecat
B. excepţia necompetenței teritoriale absolute
C. excepţia conexităţii",A
Drept Procesual Civil,36.  În cazul judecăţii în primă instanţă:,"A. dacă nu s-a depus răspuns la întâmpinare, judecătorul, în 3 zile de la expirarea termenului de 10 zile prevăzut pentru depunerea răspunsului, va fixa prin rezoluţie primul termen de judecată;
B. instanţa va da termen şi va dispune comunicarea cererii modificate pârâtului, dacă la primul termen de judecată reclamantul solicită contravaloarea obiectului cererii, pierit înainte de introducerea cererii de chemare în judecată;
C. pentru ca reclamantul, după primul termen de judecată, să îşi poată modifica cererea prin chemarea în judecată a unei alte persoane în calitate de pârât, este nevoie de acordul expres atât al acesteia din urmă, cât şi al pârâtului inițial.",B
Drept Procesual Civil,32.  Judecătoria este competentă să soluţioneze:,"A. căile de atac împotriva hotărârilor autorităţilor administraţiei publice cu activitate jurisdicţională şi ale altor organe cu astfel de activitate, în afară de cazurile în care legea prevede altfel
B. cererile referitoare la înregistrările în registrele de stare civilă, potrivit legii
C. cererile referitoare la orice servituţi sau alte limitări ale dreptului de proprietate prevăzute de lege, stabilite de părţi ori instituite pe cale judecătorească.",BC
Drept Procesual Civil,33.  Într-un proces având ca obiect încetarea stării de coproprietate asupra unui bun:,"A. procurorul nu poate să pună concluzii, chiar dacă apreciază că este necesar pentru apărarea ordinii de drept, a drepturilor şi intereselor cetăţenilor
B. este admisibilă cererea de arătare a titularului dreptului formulată de pârâtul care pretinde că deţine bunul pentru altul
C. instanţa va pune în discuţie necesitatea introducerii în cauză a celorlalţi coproprietari, dacă aceştia nu au fost chemaţi în judecată de către părţile iniţiale.",BC
Drept Procesual Civil,45.  Suspendarea executării provizorii a unei hotărâri judecătoreşti de primă instanţă:,"A. poate fi solicitată şi în tot cursul judecăţii în apel
B. este de competenţa primei instanţe, dacă cererea se depune la aceasta
C. poate fi încuviinţată de către instanţa de apel numai cu plata unei cauţiuni al cărei cuantum va fi stabilit de instanţă",A
Drept Procesual Civil,30.  Cererea având ca obiect plata daunelor-interese în cuantum de 500.000 lei pentru încălcarea unei obligaţii contractuale este şi de competenţa:,"A. tribunalului domiciliului reclamantului, dacă acesta are calitatea de consumator, iar litigiul decurge dintr-un contract încheiat de acesta cu pârâtul profesionist
B. tribunalului locului prevăzut în contract pentru executarea obligaţiei
C. judecătoriei de la domiciliul pârâtului",A
Drept Procesual Civil,29.  Reprezentarea convențională:,"A. poate înceta prin revocarea mandatului în cursul termenului pentru exercitarea căilor de atac
B. a persoanei juridice se poate realiza numai prin consilier juridic sau avocat, în condițiile legii
C. poate conferi mandatarului dreptul de a răspunde la interogatoriu în locul părții, dacă procura autentică cuprinde o mențiune expresă în acest sens, iar partea, persoana fizică, se află în străinătate",A
Drept Procesual Civil,42.  Nu poate fi invocată pentru prima dată în apel:,"A. necompetenţă generală
B. perimarea cererii de chemare în judecată
C. lipsa dovezii calităţii de reprezentant înaintea primei instanţe.",BC
Drept Procesual Civil,47.  Este admisibilă proba cu martori:,"A. în cazul în care legea cere forma scrisă pentru validitatea unui act juridic, dacă partea dovedește că s-a aflat în imposibilitate morală de întocmire a unui înscris
B. pentru dovedirea faptului că starea sănătății unui soț face imposibilă continuarea căsătoriei
C. pentru dovedirea unor fapte contrare celor constatate personal de agentul procedural care a întocmit procesul-verbal de înmânare a citației",B
Drept Procesual Civil,38.  Perimarea executării silite:,"A. se constată de instanţa de executare, prin încheiere dată fără citarea părţilor
B. constatată în condiţiile legii atrage, în toate cazurile, desființarea tuturor actelor de executare silită efectuate
C. se constată şi la cererea executorului judecătoresc",C
Drept Procesual Civil,38.  Este supusă numai recursului:,"A. hotărârea prin care prima instanţă a respins cererea de chemare în judecată, fără a se pronunţa pe fondul acesteia, pentru considerentul că părţile s-au opus introducerii în cauză a terţului, iar judecătorul a apreciat că pricina nu putea fi soluţionată fără participarea acestuia
B. hotărârea prin care prima instanţă a respins cererea de chemare în judecată ca inadmisibilă, întrucât aceasta era de competenţa unui organ fără activitate jurisdicţională
C. hotărârea prin care prima instanţă a respins, pentru lipsa calităţii procesuale active, cererea de chemare în judecată având ca obiect grăniţuire",B
Drept Procesual Civil,48.  Instanța va încuviința înlocuirea martorului:,"A. în toate situațiile în care din cauză de boală, nu poate veni în instanță
B. în toate cazurile în care lipsește la prima citare
C. doar în caz de moarte, dispariție sau motive bine întemeiate",C
Drept Procesual Civil,"33.  În cazul intervenţiei voluntare accesorii, spre deosebire de cazul intervenţiei voluntare principale:","A. cererea de intervenţie accesorie poate fi făcută, în primă instanţă, până la închiderea dezbaterilor
B. intervenientul accesoriu va putea solicita administrarea de probe cel mai târziu până la primul termen de judecată ulterior admiterii în principiu a cererii sale de intervenţie
C. cererea de intervenţie accesorie poate fi făcută şi în căile extraordinare de atac.",C
Drept Procesual Civil,"39.  Formalitatea „bun şi aprobat"":","A. presupune că înscrisul să fie scris în întregime cu mâna celui care îl subscrie şi să fie scris cu mâna acestuia „bun şi aprobat"", cu arătarea în litere a sumei sau a cantităţii datorate
B. nu este necesară în raporturile dintre profesionişti
C. nu este necesară în cazul înscrisului sub semnătură privată, prin care o singură parte se obligă către o altă să îi plătească o suma de bani, dacă părţile, de comun acord, au depus singurul original la un terţ ales de ele.",B
Drept Procesual Civil,"37.  Contestaţia privind lămurirea înţelesului, întinderii sau aplicării titlului executoriu:","A. se introduce la instanţa care a pronunţat hotărârea ce se execută, atunci când titlul executoriu este o hotărâre a unui organ de jurisdicţie
B. se poate face în termen de cel mult 15 zile de la data când contestatorul a luat cunoştinţă de primul act de executare
C. atunci când priveşte un titlu care nu constituie o hotărâre a unui organ de jurisdicţie, se soluţionează printr-o hotărâre care nu este supusă niciunei căi de atac.",A
Drept Procesual Civil,30.  În materia strămutării:,"A. până la soluţionarea cererii de strămutare, instanţa poate dispune, dacă este cazul, suspendarea judecăţii, putând obliga partea care solicită suspendarea la plata unei cauţiuni în cuantumul fixat de instanţă
B. în cazul în care instanţa de la care s-a dispus strămutarea a procedat între timp la judecarea procesului, hotărârea pronunţată este desfiinţată de drept prin efectul admiterii cererii de strămutare
C. hotărârea prin care se respinge cererea de strămutare este definitivă.",BC
Drept Procesual Civil,44.  Hotărârea prin care judecătoria constată perimarea:,"A. unei cereri de ordonanţă preşedinţială este supusă căii de atac a apelului în termen de 5 zile de la pronunţare, dacă s-a dat cu citarea părţilor, şi de la comunicare, dacă s-a dat fără citarea lor
B. se dă fără motivare, deoarece grefierul este obligat să întocmească un referat asupra actelor de procedură în legătură cu perimarea
C. lipseşte de efecte toate actele de procedură făcute în acea instanţă, însă probele pot fi folosite de părţi într-un nou proces, chiar dacă a intervenit o modificare legislativă a competenţei materiale în favoarea tribunalului, în măsura în care instanţa astfel învestită socoteşte că nu este necesară refacerea lor.",C
Drept Procesual Civil,45.  Autoritatea de lucru judecat:,"A. nu se manifestă în privința hotărârii prin care a fost respinsă, ca neîntemeiată, cererea de chemare în judecata dată în procedura cu privire la cererile cu valoare redusă
B. sub aspectul efectului negativ se invocă pe cale de excepție, care se analizează înaintea excepției prescripției extinctive a dreptului la acțiune
C. încetează odată cu forța executorie a hotărârii judecătorești, atât sub aspectul efectului pozitiv, cât și al celui negativ",B
Drept Procesual Civil,49.  Încheierea de şedinţă:,"A. este întocmită de grefier pentru fiecare şedinţă de judecată, inclusiv pentru termenul la care au avut loc dezbaterile,hotărârea pronunţându-se în aceeaşi zi
B. este semnată numai de preşedintele completului de judecată, dacă judecata a avut loc în şedinţă publică, fără prezenţa publicului
C. poate fi atacată separat, în cazurile anume prevăzute de lege.",C
Drept Procesual Civil,45.  Conexarea mai multor procese civile aflate pe rolul unor instanțe de același grad:,"A. se va face, în toate cazurile, prin trimiterea dosarului la instanţa mai întâi sesizată;
B. este posibilă, în primă instanţă, în cazul în care sunt aceleaşi părţi sau chiar împreună cu alte părţi şi al căror obiect şi cauză au între ele o strânsă legătură;
C. se va face prin trimiterea dosarului la instanţa competentă exclusiv, dacă una dintre cereri este de competenţa exclusivă a acestei instanţe.",BC
Drept Procesual Civil,44.  Perimarea cererii de chemare în judecată:,"A. la fel ca perimarea executării silite, lipsește de efecte toate actele efectuate anterior constatării perimării, indiferent de efectele produse de acestea
B. nu poate fi ridicată pentru prima oară în instanța de apel
C. la fel ca perimarea instanței, presupune lăsarea în nelucrare a cererii din motive imputabile părții",B
Drept Procesual Civil,"34.  Spre deosebire de cererea de chemare în garanţie, cererea de intervenţie voluntară principală:","A. poate fi formulată şi direct în apel, cu acordul expres al tuturor părţilor
B. va fi făcută în forma prevăzută pentru cererea de chemare în judecată
C. nu este supusă procedurii de regularizare",A
Drept Procesual Civil,28.  Constituie mijloc procesual care se include în noţiunea de acţiune civilă:,"A. cererea prin care reclamantul înlocuieşte o cerere în constatarea dreptului său de proprietate cu o cerere în revendicare
B. excepţia autorităţii de lucru judecat, invocată de pârât, însă numai în măsura în care acesta face dovada existenţei identităţii de obiect, părţi şi cauză dintre procese
C. apărarea pârâtului prin care acesta invocă nulitatea absolută a actului juridic a cărui executare este pretinsă de către reclamant prin cererea de chemare în judecată.",AC
Drept Procesual Civil,47.  Delegarea instanţei:,"A. se va dispune de către Înalta Curte de Casaţie şi Justiţie, la cererea părţii interesate, către o altă instanţă de acelaşi grad cu instanţa competentă care este împiedicată un timp mai îndelungat să funcţioneze din cauza unor împrejurări excepţionale;
B. se va dispune de preşedintele curţii de apel în circumscripţia căreia se află instanţa împiedicată să funcţioneze;
C. se va dispune de către instanţa sesizată atunci când, din motive obiective, administrarea probelor nu se poate face decât în afara localităţii de reşedinţă a instanţei.",A
Drept Procesual Civil,"43.  Înscrisul autentic face deplină dovadă, faţă de orice persoană, până la declararea sa ca fals:","A. cu privire la constatările făcute personal de către cel care a autentificat înscrisul, în condiţiile legii
B. cu privire la declarațiile părţilor cuprinse în înscrisul autentic
C. cu privire la menţiunile din înscris care sunt în directă legătură cu raportul juridic al părţilor, chiar dacă nu constituie obiectul principal al actului",A
Drept Procesual Civil,49.  Instanța:,"A. va declina competența de soluționare a cererii de încuviințare a executării silite atunci când cererea de executare silită este de competența altui organ de executare decât cel sesizat
B. va respinge cererea de încuviințare a executării silite atunci când titlul executoriu este reprezentat de o hotărâre judecătorească definitivă, care cuprinde, în considerentele sale, dezlegări de drept greșite privitoare la fondul dreptului
C. va admite cererea de încuviințare a executării silite prin încheiere care nu este supusă niciunei căi de atac",C
Drept Procesual Civil,"28.  Cererea de reexaminare formulată împotriva încheierii de anulare a cererii de chemare în judecată, pronunțată în procedura regularizării:","A. se soluţionează prin încheiere ce are autoritate de lucru judecat, astfel încât pârâtul nu ar mai putea invoca un motiv de nulitate a cererii de chemare în judecată care a fost analizat de instanță în această procedură;
B. poate fi formulată în termen de 15 zile de la comunicarea încheierii de anulare;
C. se soluţionează cu citarea reclamantului, iar în caz de admitere completul de reexaminare va dispune comunicarea către pârât a cererii de chemare în judecată, în vederea formulării întâmpinării.",B
Drept Procesual Civil,"43.  După închiderea dezbaterilor în fond, atunci când s-a amânat pronunţarea hotărârii:","A. părţile pot depune înscrisuri în dovedirea cheltuielilor de judecată reprezentând onorariul de avocat achitat ulterior închiderii dezbaterilor
B. în caz de admitere a unei cereri de strămutare înainte de pronunţarea hotărârii, părţile vor pune din nou concluzii în faţa instanţei la care s-a strămutat procesul, chiar dacă au fost păstrate toate actele îndeplinite înainte de strămutare
C. procesul se va repune pe rol dacă judecătorul care a luat parte la judecată a promovat la instanţa superioară între data închiderii dezbaterilor şi data pentru care s-a amânat pronunţarea, părţile fiind citate pentru a pune din nou concluzii în faţa completului de judecată legal constituit.",B
Drept Procesual Civil,38.  Întâmpinarea:,"A. se comunică întotdeauna reclamantului, odată cu citația
B. în caz de nedepunere, atrage decăderea pârâtului din dreptul de a mai propune probe şi de a invoca excepţii, în afara celor de ordine publică, dacă legea nu prevede altfel
C. nu este obligatorie în cadrul procedurii ordonanţei de plată, însă, în cazul nedepunerii întâmpinării, instanţa poate considera aceasta ca o recunoaştere a pretenţiilor creditorului",B
Drept Procesual Civil,27.  Este incompatibil absolut:,"A. judecătorul care, pronunțând o hotărâre asupra fondului în primă instanță, este chemat să rejudece aceeași cauză ca urmare a trimiterii spre rejudecare, în urma admiterii căii de atac, pe motiv că judecata la prima instanță a avut loc fără legala citare a părților
B. procurorul care, participând la judecata cauzei în primă instanță, pune concluzii în apelul formulat în respectiva cauză
C. judecătorul care este investit să judece apelul împotriva hotărârii prin care a respins cererea de chemare în judecată având ca obiect o cerere de partaj, fără a se pronunța pe fond, deoarece părțile nu au solicitat introducerea în cauza a terțului care avea calitatea de coproprietar al bunurilor supuse împărțelii",A
Drept Procesual Civil,30.  În materia excepțiilor procesuale:,"A. instanța se pronunță prin încheiere, cu excepția cazului în care respinge excepția de necompetență;
B. excepţia necompetenţei materiale se soluţionează cu prioritate faţă de excepţia nelegalei citări, deoarece numai o instanţă competentă poate verifica dacă procedura de citare a fost legal îndeplinită;
C. dacă instanța nu se poate pronunța de îndată asupra excepției invocate, va acorda un termen scurt în vederea soluționării acesteia.",C
Drept Procesual Civil,42.  Instanța va dispune repunerea pe rol a cauzei:,"A. în situația în care, după închiderea dezbaterilor, unul din judecătorii care a luat parte la judecată a promovat la instanța superioară până la momentul pronunțării hotărârii
B. dacă, în timpul deliberării, constată că are nevoie de lămuriri noi
C. dacă, în termenul de amânare a pronunțării, partea care a pretins cheltuieli de judecată depune dovada existenței și întinderii acestora",B
Drept Procesual Civil,28.  În materia recuzării:,"A. cererea se soluţionează de instanţa ierarhic superioară, atunci când, din pricina recuzării, nu se poate alcătui completul de judecată pentru soluţionarea recuzării la instanţa respectivă
B. încheierea de admitere a recuzării va arata în ce măsură actele îndeplinite de judecătorul recuzat urmează să fie anulate
C. încheierea prin care s-a admis cererea de recuzare poate fi atacată odată cu hotărârea prin care s-a soluţionat cauza.",A
Drept Procesual Civil,42.  În ceea ce privește cererea de recuzare:,"A. a expertului, aceasta se judecă cu citarea părților și a expertului
B. ȋncheierea de respingere a cererii de recuzare, formulată ȋntr-o cerere de stabilire a filiației, pe motiv că unul din judecători este soțul procurorului care a participat la judecata cauzei ȋn prima instanță, este definitivă
C. aceasta se respinge ca rămasă fără obiect, dacă s-a admis declarația de abținere formulată de judecător, chiar dacă aceasta a fost ȋntemeiată pe alt motiv, ȋncheierea nefiind supusă niciunei căi de atac",A
Drept Procesual Civil,"39.  Instanța poate încuviința proba cu interogatoriul, în situația în care:","A. intervenientul principal solicită încuviințarea acestei probe la primul termen de judecată ulterior admiterii în principiu a cererii de intervenție
B. reclamantul solicită încuviințarea acestei probe la ultimul termen de judecată, anterior deschiderii dezbaterilor în fond, existând acordul expres al celorlalte părți
C. se solicită această probă pentru dovedirea motivelor de recuzare",A
Drept Procesual Civil,38.  Cererea de reexaminare împotriva încheierii de anulare a cererii de chemare în judecată pronunțate în etapa verificării și a regularizării acesteia:,"A. se formulează în termen de 10 zile de la data comunicării încheierii
B. se judecă fără citarea părților
C. se admite dacă măsura anulării a fost dispusă eronat",C
Drept Procesual Civil,"42.  Poate fi atacată, potrivit legii, cu recurs:","A. încheierea de suspendare a judecării procesului pronunţată de curtea de apel
B. hotărârea prin care o secţie a Înaltei Curţi de Casaţie şi Justiţie a constatat perimarea cererii
C. încheierea prin care Înalta Curte de Casaţie şi Justiţie a dispus suspendarea judecării procesului",A
Drept Procesual Civil,27.  În materia recuzării:,"A. cererea se judecă în camera de consiliu, cu ascultarea părţilor, dacă instanţa apreciază că este necesar
B. până la soluţionarea cererii de recuzare nu se va face nici un act de procedură în cauză
C. nu se admite interogatoriul, ca mijloc de dovadă a motivelor de recuzare.",AC
Drept Procesual Civil,29.  Cererea de chemare în garanţie:,"A. poate fi formulată de reclamant sau de intervenientul voluntar numai în faţa primei instanţe, până la închiderea dezbaterilor în fond
B. nu poate fi disjunsă de judecarea cererii principale
C. obligă instanţa să se pronunţe asupra admisibilităţii ei în principiu.",C
Drept Procesual Civil,29.  Cererea reconvenţională:,"A. depusă la primul termen de judecată, într-un proces în care întâmpinarea este obligatorie, va fi disjunsă şi judecată separat;
B. este facultativă, în sensul că pârâtul îşi poate valorifica în toate cazurile pretenţiile pe cale separată, nefiind necesară formularea unei cereri reconvenţionale în acest scop;
C. poate fi formulată de pârât împotriva intervenientului principal.",C
Drept Procesual Civil,"48.  În cazul în care partea interesată a luat cunoştinţă la 01.05.2015 de hotărârea de condamnare, pentru o infracţiune privitoare la pricină, a unui expert care a luat parte la judecată, condamnare definitivă la 02.02.2015, cererea de revizuire formulată la 01.06.2015 împotriva hotărârii pronunţate la 03.03.2014 este:","A. tardivă, deoarece a fost depăşit termenul maxim de un an şi o luna de la data pronunţării hotărârii atacate
B. formulată în termenul legal de decădere, de trei ani de la data rămânerii definitive a hotărârii de condamnare
C. formulată în termen, dar inadmisibilă în cazul în care hotărârea atacată nu evocă fondul.",C
Drept Procesual Civil,27.  Excepția lipsei calității procesuale active:,"A. în cazul în care este admisă, va conduce la respingerea cererii formulate de reclamant
B. în cazul în care este admisă, va conduce la nulitatea sau, după caz, anularea cererii
C. poate fi invocată de către pârât prin întâmpinare, atunci când reclamantul nu face parte dintre subiectele raportului juridic litigios",AC
Drept Procesual Civil,"27.  În ceea ce priveşte interesul, condiţie de exercitare a acţiunii civile:","A. acesta nu trebuie să fie, în toate cazurile, legitim
B. în cazul lipsei interesului, instanța va respinge apărarea formulată ca lipsită de interes
C. acesta trebuie să existe şi în cazul formulării unei cereri de intervenţie accesorie",B
Drept Procesual Civil,50.  În materia excepţiilor procesuale:,"A. excepţiile vor putea fi unite cu administrarea probelor, numai cu acordul expres al părţilor
B. pârâtul este obligat, sub sancţiunea decăderii, să invoce excepția lipsei capacității procesuale de folosință a reclamantului prin întâmpinare, iar, dacă întâmpinarea nu este obligatorie, până la primul termen de judecată la care acesta este legal citat
C. încheierea prin care, după admiterea excepției, instanța a rămas în continuare învestită poate fi atacată numai odată cu fondul, dacă legea nu dispune altfel",C
Drept Procesual Civil,29.  Calitatea procesuală:,"A. este o condiție de exercitare a acțiunii civile
B. se poate transmite, în cursul procesului, doar legal
C. este verificată în etapa scrisă a judecății de către completul căruia i s-a repartizat aleatoriu cauza, dispunându-se anularea cererii în cazul în care reclamantul nu a indicat, în termen legal, un pârât care să aibă calitate procesuală pasivă",A
Drept Procesual Civil,42.  Remunerarea provizorie a curatorului special numit de instanţa civilă:,"A. se fixează de către baroul din care provine avocatul desemnat în această calitate;
B. permite majorarea cuantumului acesteia numai dacă situaţia materială a părţii reprezentate corespunde unei atare majorări;
C. se fixează de către instanţă, prin încheiere, stabilindu-se totodată şi modalitatea de plată.",C
Drept Procesual Civil,"37.  În materie de îndreptare, lămurire şi completare a hotărârii judecătorești:","A. omisiunea instanţei de a se pronunţa asupra cheltuielilor de judecată solicitate de părţi poate fi înlăturată pe calea îndreptării hotărârii;
B. procedura lămuririi hotărârii nu poate fi folosită pentru înlăturarea neconcordanţelor dintre considerente şi dispozitiv;
C. dacă instanţa a admis în parte cererea de chemare în judecată, se poate cere completarea hotărârii pentru pretenţiile care au fost respinse.",B
Drept Procesual Civil,50.  Cererea de revizuire:,"A. este inadmisibilă, dacă se invocă faptul că prima instanță a omis să se pronunțe asupra unui capăt de cerere, atunci când partea nu a formulat cerere de completare a hotărârii
B. se soluționează printr-o hotărâre care este în toate cazurile supusă căilor de atac prevăzute pentru hotărârea atacată
C. pe motiv că obiectul pricinii nu se află în ființă se poate exercita în termen de o lună de la cel din urmă act de executare",C
Drept Procesual Civil,41.  Este executorie provizoriu de drept:,"A. încheierea de admitere a cererii de asigurare a probelor
B. orice hotărâre de primă instanță prin care se admite cererea de chemare în judecată formulată de un minor
C. hotărârea de admitere a cererii pronunțată în primă instanță în procedura ordonanței președințiale",A
Drept Procesual Civil,50.  Contestaţia în anulare:,"A. este admisibilă în cazul în care dezlegarea dată recursului este rezultatul unei erori de judecată;
B. se introduce la instanţa ierarhic superioară instanţei care a pronunţat hotărârea care se atacă;
C. nu poate fi formulată de partea care a mai exercitat anterior această cale de atac, chiar dacă se invocă alte motive decât cele invocate prin contestaţia în anulare anterioară.",C
Drept Procesual Civil,"38.  Cererea prin care reclamantul măreşte cuantumul obiectului cererii de chemare în judecată, solicitând şi ratele ajunse la termen după sesizarea instanţei:","A. este o cerere adiţională
B. poate fi formulată numai până la primul termen la care toate părţile sunt legal citate
C. atrage declinarea competenţei dacă instanţa iniţial sesizată nu mai este competentă potrivit dispoziţiilor legale referitoare la competenţă după valoarea obiectului cererii.",A
Drept Procesual Civil,46.  Cererea de completare a unei hotărâri judecătoreşti:,"A. trebuie formulată în termen de 15 zile de la comunicare în cazul hotărârilor definitive pronunţate în apel
B. se soluționează, în toate cazurile, în camera de consiliu, cu citarea părților
C. se soluţionează cu citarea părților numai dacă instanța socotește necesar ca ele să dea anumite lămuriri",A
Drept Procesual Civil,"38.  Când reclamantul a sesizat instanţa cu mai multe capete principale de cerere întemeiate pe fapte ori cauze diferite, fără o strânsă legătură între ele:","A. competenţa materială se stabileşte în raport cu valoarea sau, după caz, cu natura ori obiectul fiecărei pretenţii în parte
B. dacă unul din capetele de cerere este de competenţa materială a altei instanţe, instanţa sesizată nu poate dispune disjungerea şi declinarea în mod corespunzător a competenţei
C. instanţa competentă să le soluţioneze se determină ţinându-se seama de acea pretenţie care atrage competenţa unei instanţe de grad mai înalt.",A
Drept Procesual Civil,45.  Curatorul special în procesul civil:,"A. poate fi numit fie de către instanţa care judecă procesul, fie de către barou, dintre avocaţii anume desemnaţi în acest scop
B. poate solicita, odată cu încetarea calităţii sale, ţinându-se seama de activitatea desfăşurată, majorarea remuneraţiei provizorii, stabilite de barou
C. va fi numit pentru reprezentarea intereselor pârâtului, persoană fizică, odată cu încuviinţarea citării acestuia din urmă prin publicitate",C
Drept Procesual Civil,39.  Cheltuielile ocazionate de efectuarea executării silite:,"A. sunt în sarcina debitorului urmărit, în afară de cazul în care creditorul a renunțat la executare silită sau dacă prin lege se prevede altfel
B. se stabilesc de către executorul judecătoresc prin încheiere ce reprezintă titlu executoriu
C. pot fi cenzurate de instanţa de executare, pe calea contestaţiei la executare formulate de executorul judecătoresc",A
Drept Procesual Civil,38.  Hotărârea primei instanţe este executorie de drept atunci când:,"A. are ca obiect modul de exercitare a dreptului de a avea legături personale cu minorul
B. prin hotărâre se dispune radierea unui drept din cartea funciară
C. are ca obiect cereri privitoare la posesie, numai în ceea ce priveşte posesia.",AC
Drept Procesual Civil,45.  Revizuirea pentru motivul legat de descoperirea unor ȋnscrisuri:,"A. se poate formula și ȋmpotriva deciziei prin care s-a respins recursul ca nefondat, dacă ȋnscrisurile sunt determinante pentru soluționarea cauzei
B. se poate formula și motiva ȋn termen de o lună de la descoperirea ȋnscrisurilor ce se invocă
C. nu poate fi admisă dacă ȋnscrisul reprezentat de un contract nu a existat la data pronunțării hotărârii a cărei revizuire se solicită",B
Drept Procesual Civil,29.  Mandatarul neavocat al unei persoane fizice:,"A. poate pune concluzii în faţă oricărei instanţe, fără a fi asistat de avocat, dacă este rudă de gradul al treilea cu partea şi este licenţiat în drept
B. poate reprezenta în judecată pe mandant în baza unei procuri generale, atunci când procura este dată unui prepus
C. poate să îşi justifice calitatea printr-o procura sub forma unui înscris sub semnătură privată.",B
Drept Procesual Civil,32.  Revine ȋn competența exclusivă a judecătoriei:,"A. locului ultimului domiciliu al defunctului, cererea privind anularea certificatului de moştenitor, dacă anterior introducerii cererii de chemare în judecată nu s-a procedat la ieşirea din indiviziune
B. domiciliului reclamantului, cererea de stabilire a paternității, formulată de copil, părinții urmând a fi citați obligatoriu, chiar și din oficiu
C. locului unde se situează imobilul, contestația la executare ȋmpotriva unei urmăriri silite imobiliare, atunci când este formulată de o terţă persoană care invocă un drept real asupra bunului urmărit",A
Drept Procesual Civil,31.  În cazul transmisiunii calităţii procesuale prin acte între vii cu titlu particular:,"A. succesorul cu titlu particular este obligat să intervină în cauza, dacă are cunoştinţă de existenţa procesului, sau poate să fie introdus în cauza, la cerere ori din oficiu
B. judecată va continuă, în toate cazurile, numai cu succesorul cu titlu particular, care va fi introdus în cauza la cerere sau din oficiu, înstrainatorul fiind scos din proces
C. hotărârea pronunţată contra înstrainatorul ui nu va produce efecte şi contra succesorului cu titlu particular, dacă acesta din urmă nu a fost introdus în cauza, chiar dacă succesorul cu titlu particular a dobândit dreptul cu rea-credinţă.",A
Drept Procesual Civil,49.  Ordonanța președințială:,"A. are o natură contencioasă sau necontencioasă, după caz, în funcţie de soluţionarea cererii cu citarea, respectiv, fără citarea părților
B. se soluționează în primă instanță de judecătorie
C. va putea fi dată şi atunci când este în curs judecata asupra fondului",C
Drept Procesual Civil,34.  Repunerea în termenul procedural se dispune:,"A. numai dacă se dovedeşte că pierderea termenului procedural se datorează unor motive temeinic justificate
B. de instanţa competentă să soluţioneze cererea privitoare la dreptul neexercitat în termen
C. şi de instanţă, din oficiu, dacă din dosarul cauzei rezultă motivul pierderii termenului.",AB
Drept Procesual Civil,"44.  După ce a fost luată hotărârea se va întocmi, de îndată, o minută:","A. care se semnează pe fiecare pagină de către judecători şi grefier
B. care va cuprinde soluţia şi în care se va arăta, când este cazul, opinia separată a judecătorilor aflaţi în minoritate
C. care va fi citită în şedinţă publică de către grefierul de şedinţă",B
Drept Procesual Civil,28.  Cererile incidentale:,"A. sunt cele prin care o parte modifică pretențiile sale anterioare
B. se judecă, în toate cazurile, de instanța competentă material pentru cererea principală
C. pot fi formulate și în cadrul unui proces de divorț aflat în curs de desfășurare",C
Drept Procesual Civil,40.  În procedura necontencioasă judiciară:,"A. instanţa îşi verifică din oficiu competenţa, chiar dacă este de ordine privată
B. dacă cererea, prin însuşi cuprinsul ei ori prin obiecțiile ridicate de persoanele citate sau care intervin, prezintă caracter contencios, instanţa îşi va declina competenţa în favoarea instanţei competente să soluţioneze cererea contencioasă
C. instanţa va judeca cererea în camera de consiliu, cu citarea petentului şi a persoanelor indicate în cerere, dacă legea o impune",A
Drept Procesual Civil,"39.  Conexarea mai multor procese se poate dispune, chiar dacă se înlătură aplicarea unor norme de:","A. competenţă materială
B. competenţă generală
C. competenţă teritorială de ordine privată.",AC
Drept Procesual Civil,37.  În materia sechestrului asigurător:,"A. în cazul în care cererea principală, în temeiul căreia a fost încuviinţată măsura asigurătorie, a fost perimată prin hotărâre definitivă, debitorul poate cere ridicarea măsurii de către instanţa care a încuviinţat-o, instanţa pronunţând o încheiere definitivă, dată fără citarea părţilor
B. depunerea cauțiunii odată cu cererea de sechestru este obligatorie atunci când creditorul deține împotriva debitorului o creanță exigibilă care este constatată printr-un înscris
C. diferit de situația creditorului, comunicarea către debitor a încheierii prin care s-a soluționat cererea de sechestru se realizează de către executorul judecătoresc, odată cu luarea măsurii",A
Drept Procesual Civil,30.  În cazul coparticipării procesuale:,"A. dacă în cauză sunt mai mulți reclamanți sau pârâți, ei vor fi obligați, în toate cazurile, să plătească cheltuielile de judecată în mod egal
B. în cazul în care sunt mai mulți reclamanți sau pârâți împreună, cererea de perimare ori actul de procedură întrerupător de perimare al unuia folosește și celorlalți
C. în procesele în care sunt mai mulți reclamanți sau pârâți, judecătorul, ținând cont de numărul foarte mare al acestora, de necesitatea de a asigura desfășurarea normală a activității de judecată, cu respectarea drepturilor și intereselor legitime ale părților, va putea dispune, prin rezoluție, reprezentarea lor prin mandatar și îndeplinirea procedurii de comunicare a actelor de procedură numai pe numele mandatarului, la domiciliul sau sediul acestuia",B
Drept Procesual Civil,27.  Este incompatibil judecătorul care:,"A. a pronunțat o încheiere interlocutorie la prima instanță, iar în prezent este membru în completul instanței superioare învestite cu apelul declarat inclusiv împotriva acelei încheieri interlocutorii
B. a pus în discuția părților chestiuni de fapt sau de drept relevante pentru soluționarea cauzei
C. a fost membru în completul care a soluționat recursul, situaţie în care nu poate participa la judecarea contestației în anulare îndreptate împotriva deciziei date în recurs",A
Drept Procesual Civil,36.  Citaţia pentru primul termen de judecată se înmânează pârâtului:,"A. stabilit pentru soluţionarea unei cereri având ca obiect emiterea unei ordonanţe de plată
B. cu 3 zile înaintea termenului de judecată stabilit pentru soluţionarea în primă instanţă a unei cereri având ca obiect instituirea măsurii sechestrului asigurător
C. cu cel puţin 10 zile înaintea termenului de judecată stabilit pentru soluţionarea în primă instanţă a unei cereri de partaj judiciar, dacă reclamantul cere atribuirea bunului",A
Drept Procesual Civil,47.  Nu sunt supuse recursului hotărârile pronunţate:,"A. în materie de expropriere
B. asupra unei cereri în grăniţuire, însă numai dacă valoarea obiectului său este de până la 500.000 lei inclusiv
C. asupra unei cereri posesorii.",AC
Drept Procesual Civil,42.  În ceea ce privește renunțarea la dreptul pretins:,"A. reclamantul poate, în tot cursul procesului, chiar și în fața instanțelor de recurs, să renunțe la drept, dacă poate dispune de acesta, fără a fi necesar acordul pârâtului
B. aceasta se poate face atât verbal în ședință, consemnându-se în încheiere, cât și prin înscris sub semnătură privată sau prin înscris autentic
C. când aceasta are loc în fața unei secții a Înaltei Curți de Casație și Justiție, hotărârea este definitivă",A
Drept Procesual Civil,41.  Mărturisirea judiciară:,"A. poate fi obţinută numai prin intermediul interogatoriului
B. poate fi divizată împotriva autorului atunci când cuprinde fapte distincte şi care nu au legătură între ele
C. poate fi revocată dacă se face dovada că a fost urmarea unei erori de drept scuzabile.",B
Drept Procesual Civil,"46.  Hotărârile primei instanţe sunt executorii de drept când au ca obiect, printre altele:","A. despăgubiri pentru accidente de muncă, numai dacă s-au acordat sub formă de prestaţii băneşti periodice
B. reparaţii grabnice ale unui bun aflat în locaţiune
C. pretenţii rezultate dintr-un contract de mandat, dacă mandatarul-debitor este insolvabil şi neexecutarea de îndată este vădit prejudiciabilă pentru mandantul-creditor.",B
Drept Procesual Civil,36.  Cererea reconvențională:,"A. este inadmisibilă într-o cerere privind evacuarea, formulată în procedura evacuării din imobilele folosite sau ocupate fără drept
B. în legătură cu pretențiile din cererea de intervenție principală se va formula până la primul termen de judecată după admiterea în principiu a cererii de intervenție
C. nu este supusă procedurii de verificare și regularizare, în afară de situația în care prin aceasta sunt chemate în judecată în calitate de pârâți și alte persoane decât reclamantul",A
Drept Procesual Civil,"42.  Fac parte din categoria excepţiilor de fond, absolute şi peremptorii:","A. excepţia prematurităţii, excepţia inadmisibilităţii acţiunii în constatare atunci când este deschisă calea acţiunii în realizare, excepţia conexităţii
B. excepţia autorităţii de lucru judecat, excepţia lipsei calităţii procesuale active, excepţia lipsei de interes
C. excepţia litispendenţei, excepţia lipsei capacităţii procesuale de exerciţiu, excepţia lipsei calităţii procesuale pasive.",B
Drept Procesual Civil,50.  În procedura evacuării din imobilele folosite sau ocupate fără drept:,"A. pârâtul poate propune probele doar prin întâmpinare
B. pârâtul poate formula contestație la executare împotriva executării hotărârii de evacuare, în condiţiile legii
C. suspendarea executării hotărârii de evacuare poate fi dispusă în cazul evacuării pentru neplata chiriei sau a arenzii",BC
Drept Procesual Civil,30.  Cererea prin care se solicită constatarea cotelor părți ce revin reclamantului și pârâților din dreptul de proprietate asupra unui bun:,"A. este de competența judecătoriei indiferent de valoarea bunului
B. este inadmisibilă, deoarece reclamantul are la dispoziție o acțiune în realizare
C. este de competența teritorială a locului situării imobilului, în toate cazurile",A
Drept Procesual Civil,50.  Nulitatea hotărârii judecătoreşti intervine dacă:,"A. hotărârea a fost pronunţată înainte de data fixată în acest scop
B. în cuprinsul hotărârii au fost indicate, greşit, calea de atac şi termenul de exercitare a acesteia
C. minuta nu este semnată pe fiecare pagină de către judecători şi, după caz, de magistratul-asistent.",AC
Drept Procesual Civil,37.  Nulitatea este condiționată de existența unei vătămări în cazul încălcării dispozițiilor legale referitoare la:,"A. timbrarea cererii de chemare în judecată
B. reprezentarea procesuală
C. cuprinsul citației",C
Drept Procesual Civil,33.  Tribunalul judecă:,"A. în primă instanță, cererile posesorii, în ipoteza în care valoarea obiectului cererii depășește suma de 200.000 de lei
B. apelurile declarate împotriva hotărârilor pronunțate în procedura cu privire la cererile de valoare redusă
C. doar în primă instanță și ca instanță de apel, dar nu și ca instanță de recurs",B
Drept Procesual Civil,33.  Suspendarea voluntară a judecății:,"A. se dispune, la cererea pârâtului, dacă reclamantul a cerut judecarea în lipsă, iar la strigarea cauzei a răspuns doar pârâtul;
B. spre deosebire de suspendarea de drept, este lăsată la aprecierea instanţei;
C. se dispune de judecătorie printr-o încheiere care, spre deosebire de încheierea prin care se admite cererea de repunere pe rol, este supusă recursului pe cale separată.",C
Drept Procesual Civil,41.  Într-un proces având ca obiect o acţiune în revendicare mobiliară:,"A. pârâtul poate formula, pe calea cererii reconvenționale, o acţiune confesorie de uzufruct privind bunul revendicat
B. reclamantul poate formula, pe cale accesorie, o cerere de sechestru asigurător pentru indisponibilizarea bunului până la soluţionarea acţiunii în revendicare
C. pârâtul poate formula cerere reconvențională doar împotriva reclamantului, nu şi a unui alt coproprietar care să fie obligat împreună cu reclamantul la plata contravalorii îmbunătăţirilor aduse bunului.",A
Drept Procesual Civil,35.  În procesul civil:,"A. în lipsa reclamantului, nelegal citat pentru primul termen de judecată ca urmare a inserării în citaţie a unui număr greşit de dosar, pârâtul prezent poate invoca neregularitatea procedurii de citare a reclamantului, însă numai la acel prim termen
B. sancţiunea care poate interveni în cazul citaţiei în al cărei cuprins nu se menţionează dispoziţia judecătorului de scurtare a termenului prevăzut de lege pentru înmânarea acesteia este nulitatea condiţionată de existenţa unei vătămări prezumate de lege
C. în toate cazurile, instanţa poate hotărî asupra unei cereri numai dacă părţile au fost legal citate ori s-au prezentat, personal sau prin reprezentant",A
Drept Procesual Civil,49.  Se poate cere pe cale de ordonanţă preşedinţială:,"A. constatarea de urgenţă a stării unor bunuri, mobile sau imobile, dacă este posibil că proba să fie greu de administrat în viitor
B. luarea unei măsuri provizorii cu privire la încasarea alocaţiei de stat pentru copii, în procedura divorţului
C. încuviinţarea provizorie a suspendării executării provizorii de drept a unei hotărâri.",BC
Drept Procesual Civil,46.  Înalta Curte de Casaţie şi Justiţie:,"A. este competentă să soluţioneze cererea de strămutare întemeiată pe motiv de siguranţă publică, la cererea formulată de procurorul general al Parchetului de pe lângă Înalta Curte de Casaţie şi Justiţie;
B. este competentă să soluţioneze cererea de strămutare întemeiată pe motiv de bănuială legitimă dacă instanţa de la care se cere strămutarea este un tribunal;
C. va putea, la primirea cererii de strămutare, să solicite dosarul cauzei de la instanţa de la care se cere strămutarea.",AC
Drept Procesual Civil,44.  În ceea ce privește cheltuielile de judecată:,"A. efectuate de intervenientul accesoriu, acestea se suportă de partea ȋn apărarea căreia a intervenit, dacă aceasta din urmă câștigă procesul
B. dovada existenței și ȋntinderii lor se depune numai până la terminarea cercetării procesului
C. pe care le-a făcut pârâtul, acestea se suportă, la cerere, de reclamantul care renunță la judecată după comunicarea cererii de chemare ȋn judecată",C
Drept Procesual Civil,38.  În ceea ce privește încheierea de ședință:,"A. redactarea acesteia de grefier cu depășirea termenului de 3 zile de la data ședinței de judecată atrage nulitatea acesteia
B. aceasta va cuprinde întotdeauna calea de atac
C. prin care instanța a respins excepția lipsei calității procesual active, ca neîntemeiată, aceasta are caracter interlocutoriu",C
Drept Procesual Civil,"45.  Reprezintă o trăsătură comună cererii de îndreptare a erorii materiale, cererii de lămurire şi, respectiv, cererii de completare a hotărârii:","A. soluţionarea de urgenţă, în camera de consiliu
B. soluţionarea printr-o încheiere supusă aceloraşi căi de atac ca şi hotărârea în legătură cu care s-au formulat
C. suportarea de către stat a cheltuielilor de judecată făcute de parte, în cazul în care cererea respectivă a fost admisă.",C
Drept Procesual Civil,47.  Cererea reconvențională:,"A. nu este, în toate cazurile, de competenţa instanţei sesizate cu cererea principală
B. care nu poate fi soluţionată în cadrul procedurii cu privire la cererile de valoare redusă întrucât nu se circumscrie domeniului de aplicare al acestei proceduri va fi respinsă ca inadmisibilă
C. se depune, sub sancţiunea decăderii, în toate cazurile, cel mai târziu la primul termen de judecată",A
Drept Procesual Civil,40.  În ceea ce priveşte pronunţarea hotărârii judecătoreşti:,"A. dacă hotărârea s-a dat în folosul mai multor reclamanţi sau împotriva mai multor pârâţi, dispozitivul va arăta ceea ce se cuvine fiecărui reclamant şi la ce este obligat fiecare pârât ori, când este cazul, dacă drepturile şi obligaţiile părţilor sunt solidare sau indivizibile
B. hotărârea se va pronunţa fie în şedinţă publică, fie prin punerea soluţiei la dispoziţia părţilor de către grefa instanţei
C. data hotărârii este data depunerii la dosar a hotărârii redactate integral, după ce aceasta a fost semnată de toţi judecătorii",A
Drept Procesual Civil,30.  Încheierea prin care se dispune asupra admisibilităţii în principiu a cererii de intervenţie voluntară:,"A. nu se poate ataca decât odată cu fondul, în cazul în care cererea de intervenţie a fost admisă în principiu
B. poate fi atacată numai cu apel în termen de 15 zile, care curge de la pronunţare pentru partea prezentă, respectiv de la comunicare pentru partea lipsă, în cazul în care prima instanţă respinge cererea de intervenţie ca inadmisibilă
C. poate fi atacată numai cu recurs la instanţa ierarhic superioară, în cazul în care instanţa de apel respinge cererea de intervenţie ca inadmisibilă.",AC
Drept Procesual Civil,32.  Excepţia litispendenţei:,"A. poate fi invocată în orice stare a procesului, în faţa instanţelor de fond, de către părţi sau de instanţă din oficiu
B. va conduce la trimiterea dosarului primei instanţe învestite, dacă instanţele sunt de acelaşi grad și dacă este admisă, sau nu va fi soluţionată, când unul dintre procese se judecă în recurs, caz în care instanţa de fond este obligată să suspende judecata până la soluţionarea recursului
C. nu poate fi invocată atunci când cererile de chemare în judecată formulate pentru aceeaşi cauză, acelaşi obiect şi de către aceeaşi parte se află pe rolul aceleiaşi instanţe, deoarece în atare situaţie operează conexarea",AB
Drept Procesual Civil,30.  Nu este incompatibil:,"A. judecătorul căruia, într-un proces de partaj, judecat definitiv, îi este repartizată spre soluţionare contestaţia în anulare declarată împotriva încheierii de admitere în principiu pronunţată de acesta şi împotriva sentinţei pronunţate de alt judecător în aceeaşi pricină, al cărei motiv constă în nelegala citare a contestatorului reclamant pe parcursul întregului proces, la care nu a fost prezent
B. judecătorul, fost avocat, care a reprezentat partea doar la primul termen de judecată, în aceeaşi cauză, ce i-a fost repartizată în prezent spre soluţionare
C. judecătorul care a soluţionat anterior o cauza similară, între alte părţi, în care s-a pus în discuţie aceeaşi problemă de drept.",C
Drept Procesual Civil,35.  În procedura cu privire la cererile de valoare redusă:,"A. hotărârea primei instanţe este titlu executoriu
B. refuzul instanţei de a dispune înfăţişarea părţilor la solicitarea uneia dintre ele nu se motivează
C. competenţa teritorială se stabileşte potrivit dreptului comun",A
Drept Procesual Civil,28.  Nelegala citare a unei părți poate fi invocată la termenul la care s-a săvârşit neregularitatea:,"A. din oficiu, precum și de celelalte părți, dar numai dacă partea nelegal citată lipseşte
B. de către partea nelegal citată, dacă aceasta este prezentă la termenul respectiv
C. din oficiu, precum și de celelalte părți, chiar dacă partea nelegal citată este prezentă la termenul respectiv",A
Drept Procesual Civil,48.  În materia probelor în procesul civil:,"A. prezumţiile judiciare, care au greutatea şi puterea de a naşte probabilitatea faptului pretins, pot fi primite atunci când se cere lămurirea clauzelor unui act juridic încheiat în forma scrisă prevăzută de lege pentru dovedirea sa
B. mărturisirea judiciară poate fi revocată numai în cazul în care a fost urmarea unei erori cu privire la aplicarea unui text legal
C. dacă pârâtul a denunţat ca fals înscrisul prezentat de reclamant în proces, indicându-l drept complice pe reclamant, instanţa va suspenda obligatoriu judecata procesului",A
Drept Procesual Civil,33.  Cererea reconvenţională:,"A. poate fi formulată cel mai târziu la primul termen la care părţile sunt legal citate în procedura evacuării din imobilele folosite ori ocupate fără drept
B. în procedura divorţului, poate fi făcută până la începerea dezbaterilor în fond, pentru toate faptele anterioare acestui moment, chiar anterioare sesizării instanţei
C. poate fi formulată în termenul prevăzut de lege pentru depunerea întâmpinării în faţa primei instanţe, dacă legea nu dispune altfel",C
Drept Procesual Civil,26.  În virtutea rolului judecătorului în aflarea adevărului în procesul civil:,"A. sub sancţiunea nulităţii hotărârii, judecătorul are obligaţia să ordone din oficiu administrarea probelor pe care le consideră necesare, chiar dacă părţile se împotrivesc
B. judecătorul poate dispune introducerea în cauza a altor persoane, în condiţiile legii
C. într-un litigiu având ca obiect executarea unui act juridic încheiat cu nesocotirea unei norme juridice care ocroteşte un interes general, judecătorul se va pronunţa prin dispozitivul hotărârii asupra nulităţii absolute a actului juridic, invocate din oficiu, chiar în lipsa formulării de către una dintre părţi a unei cereri în acest sens.",B
Drept Procesual Civil,40.  Instanța poate reveni asupra probei testimoniale încuviințate:,"A. în situația în care, după administrarea probei cu interogatoriu, apreciază că aceasta nu mai este necesară
B. în situația în care martorul nu s-a putut prezenta la termenul la care a fost citat și a dovedit cu acte medicale imposibilitatea prezentării la acel termen de judecată
C. în situația în care partea se obligă să aducă martorul la termen și, în mod imputabil, nu își îndeplinește această obligație",A
Drept Procesual Civil,32.  În materia probelor:,"A. înscrisul sub semnătură privată, dacă nu respectă formalitatea multiplului exemplar, este lovit de nulitate relativă;
B. mărturisirea extrajudiciară verbală poate fi invocată în cazurile în care proba cu martori este admisibilă;
C. instanţa la care se face expertiza prin comisie rogatorie va numi expertul şi va stabili suma cuvenită acestuia.",BC
Drept Procesual Civil,36.  În cazul cererii de chemare în judecată:,"A. comunicarea se va face de instanţa, din oficiu, prin servicii de curierat rapid, atunci când comunicarea prin agenţii procedurali ai instanţei nu este posibilă
B. aceasta nu poate fi comunicată prin afişare, chiar dacă sunt îndeplinite condiţiile citării pârâtului prin publicitate
C. la cererea părţii interesate şi pe cheltuiala sa, comunicarea se poate face în mod nemijlocit şi prin executorii judecătoreşti.",C
Drept Procesual Civil,"31.  În ipoteza în care reclamantul îşi modifică cererea introductivă de instanţă având ca obiect revendicare imobiliară, prin adăugarea unui nou capăt de cerere privind despăgubiri materiale:","A. întâmpinarea la cererea modificatoare depusă la dosar de către pârât cu 15 zile înaintea termenului de judecată fixat nu este formulată cu respectarea termenului legal
B. cererea modificatoare depusă la dosar la cel de-al doilea termen de judecată este tardivă, chiar dacă reclamantul nu a fost legal citat pentru primul termen de judecată
C. pârâtul va putea formula cerere reconvenţională faţă de pretenţiile reclamantului inserate în cererea modificatoare, urmând ca aceasta să se depună la dosar cel mai târziu până la termenul ce se va încuviinţa pârâtului în acest scop",C
Drept Procesual Civil,34.  Conflictul de competenţă:,"A. se judecă în camera de consiliu, cu citarea părţilor, printr-o hotărâre definitivă
B. ivit între două instanţe judecătoreşti, se soluţionează de instanţa imediat superioară şi comună instanţelor aflate în conflict
C. nu se poate crea cu Înalta Curte de Casaţie şi Justiţie.",BC
Drept Procesual Civil,"48.  La încuviințarea de executare silită, instanța verifică:","A. dacă au fost respectate dispozițiile legale privind competența organului de executare sesizat
B. dacă hotărârea sau, după caz, înscrisul prezentat, constituie, potrivit legii, titlu executoriu
C. prescripția dreptului de a obține executarea silită",A
Drept Procesual Civil,37.  Referitor la procedura regularizării:,"A. cererea de reexaminare se va soluționa, prin încheiere definitivă, dată în camera de consiliu, cu citarea reclamantului, de către același complet
B. regulile acesteia nu se aplică incidentelor procedurale
C. în cazul în care pricina nu este de competența teritorială absolută a instanței sesizate, completul căruia i-a fost repartizată cererea dispune, prin încheiere dată fără citarea părţilor, trimiterea dosarului instanţei competente",B
Drept Procesual Civil,"43.  În cazul în care constată, cu ocazia deliberării, că este necesară introducerea în cauză a altor persoane, instanța, prin încheiere:","A. va respinge cererea fără a se pronunţa pe fond;
B. va repune cauza pe rol, dispunând citarea părţilor;
C. va soluționa cauza pe fond cu respectarea principiului disponibilității.",B
Drept Procesual Civil,35.  În materia incidentelor procedurale:,"A. atât renunţarea la judecată, cât şi renunţarea la dreptul pretins se pot face verbal, în şedinţa de judecată;
B. cursul perimării este întrerupt dacă una din părţi este pusă sub curatelă;
C. recursul formulat împotriva încheierii prin care a fost suspendată judecata este admisibil, chiar dacă hotărârea ce urmează a se da asupra fondului este definitivă.",AC
Drept Procesual Civil,"49.  Decesul reclamantului intervenit după închiderea dezbaterilor în fond a procesului, în intervalul de timp aferent amânării pronunţării:","A. nu împiedică pronunţarea hotărârii
B. impune obligaţia instanţei de a repune cauza pe rol în vederea introducerii în cauză a moştenitorilor reclamantului, dacă aceştia au fost indicaţi prin cerere scrisă, depusă prin serviciul de registratură al instanţei, după reţinerea cauzei în pronunţare
C. impune obligaţia instanţei de a repune cauza pe rol, citând părţile, reclamantul la ultimul domiciliu, pe numele moştenirii, fără a se indica numele şi calitatea fiecărui moştenitor, în vederea declarării nulităţii cererii de chemare în judecată pentru lipsa capacităţii procesuale de folosinţă a reclamantului",A
Drept Procesual Civil,29.  Nu se poate dispune disjungerea în cazul în care:,"A. judecata cererii principale este întârziată de cererea de intervenţie principală prin care se pretinde, în tot sau în parte, însuşi dreptul dedus judecăţii
B. judecata cererii principale ar fi întârziată de soluţionarea cererii de chemare în garanţie
C. anterior s-a dispus conexarea cererilor cu privire la care se ridică problema disjungerii, dacă numai una dintre ele este în stare de judecată",A
Drept Procesual Civil,41.  În caz de admitere a declaraţiei de abţinere a judecătorului:,"A. cererea de recuzare va fi respinsă ca neîntemeiată;
B. indiferent de motivul acesteia, cererea de recuzare va fi respinsă, prin aceeaşi încheiere, ca rămasă fără obiect;
C. cererea de recuzare va fi respinsă ca rămasă fără obiect numai dacă motivele de recuzare sunt aceleaşi cu motivele de abţinere.",B
Drept Procesual Civil,"35.  Spre deosebire de conexitate, în caz de litispendenţă:","A. când instanţele sunt de acelaşi grad, excepţia se invocă în faţa instanţei sesizate ulterior
B. excepţia poate fi invocată şi dacă una dintre pricini se află pe rolul primei instanţe, iar cealaltă în apel
C. excepţia poate fi invocată de părţi sau de instanţă, din oficiu.",B
Drept Procesual Civil,40.  Sechestrul asigurător:,"A. se poate institui şi asupra bunurilor imobile urmăribile ale debitorului, aflate în posesia unui terţ
B. va fi ridicat, la cererea debitorului, în cazul nedepunerii cauțiunii în termenul fixat de instanţă
C. asupra unui bun pe care debitorul îl oferă pentru liberarea să, va putea fi înfiinţat, chiar fără a există proces asupra creanţei băneşti a creditorului.",A
Drept Procesual Civil,"36.  În etapa verificării admisibilităţii în principiu, termenul de exercitare a apelului împotriva încheierii date în primă instanţă de respingere ca inadmisibilă a cererii de chemare în garanţie, pronunţate în data de 22 august 2016 (luni) şi comunicate în dată de 23 august 2016 (marţi), se împlineşte la data de:","A. 26 august 2016 (vineri), pentru toate părţile
B. 29 august 2016 (luni), pentru partea care a lipsit
C. 29 august 2016 (luni), pentru partea care a fost prezentă.",BC
Drept Procesual Civil,"40.  Spre deosebire de procedura ordonanţei de plată, în procedura cu privire la cererile de valoare redusă:","A. poate fi încuviinţată proba cu expertiză, dacă administrarea acesteia nu necesită cheltuieli disproporţionate în raport cu valoarea cererii de chemare în judecată sau a cererii reconvenţionale
B. introducerea căii de atac împotriva hotărârii de admitere a cererii nu suspendă de drept executarea acesteia
C. încheierea prin care prima instanţă ia act de declaraţia creditorului în sensul că a primit plata sumei datorate şi dispune închiderea dosarului este definitivă",A
Drept Procesual Civil,"33.  Cererea formulată de către locatar prin care se solicită predarea de către locator a bunului mobil închiriat, în temeiul unui contract de locaţiune încheiat pentru o durată de 2 ani, prin care s-a stipulat o chirie în cuantum de 10.000 de lei lunar, este de competența:","A. tribunalului locului unde se află bunul
B. judecătoriei în a cărei circumscripție domiciliază pârâtul
C. tribunalului în a cărui circumscripție domiciliază pârâtul",B
Drept Procesual Civil,44.  În materie de partaj judiciar:,"A. dacă printre cei interesaţi se află şi dispăruţi, împărţeala nu se poate face decât prin vânzarea bunurilor la licitaţie publică, prin intermediul executorului judecătoresc
B. nu se poate dispune judecarea separată a cererii reconvenționale prin care se solicită completarea masei partajabile
C. în cazul în care partajul nu se poate realiza în niciuna dintre modalităţile prevăzute de lege, instanţa va anula cererea de partaj.",B
Drept Procesual Civil,43.  Se poate formula recurs:,"A. împotriva unei hotărâri date în apel ce privește o cerere care are ca obiect grănițuire
B. împotriva unei hotărâri date ca urmare a renunțării la dreptul pretins, chiar dacă hotărârea este pronunțată de o secție a Înaltei Curți de Casație și Justiție
C. împotriva încheierii prin care s-a dispus suspendarea, chiar dacă încheierea de suspendare a fost pronunțată de instanță într-o cauză în care hotărârea ce urmează a se da asupra fondului este definitivă, cu excepția situației în care încheierea a fost pronunțată de Înalta Curte de Casație și Justiție",B
Drept Procesual Civil,"49.  Între cererea de sechestru asigurător, cererea de ordonanţă preşedinţială şi cererea de asigurare a probelor, există următoarele asemănări:","A. au caracter necontencios şi se judecă în camera de consiliu, de urgenţă şi cu precădere
B. se soluţionează întotdeauna prin hotărâre judecătorească supusă numai apelului
C. hotărârea judecătorească de admitere a cererii este executorie.",C
Drept Procesual Civil,46.  Cererea de intervenţie voluntară principală:,"A. este admisibilă în principiu, atunci când este formulată verbal în etapa procesuală a apelului şi există acordul expres al părţilor
B. depusă după închiderea dezbaterilor în primă instanţă asupra fondului cererii principale, va determina repunerea cauzei pe rol, din oficiu, în vederea discutării admisibilităţii sale în principiu
C. nu poate fi disjunsă de cererea principală pentru a fi judecată separat atunci când intervenientul pretinde pentru sine, în parte, însuşi dreptul dedus judecăţii prin cererea principală",C
Drept Procesual Civil,36.  Se formulează întotdeauna în scris:,"A. cererea de executare provizorie judecătorească
B. propunerea probelor
C. cererea de chemare în garanţie",C
Drept Procesual Civil,37.  În ceea ce priveşte termenul pentru exercitarea căii de atac:,"A. încheierea de respingere a cererii de asigurare a probelor poate fi atacată separat numai cu apel în termen de 5 zile de la pronunţare, dacă s-a dat cu citarea părţilor şi de la comunicare, dacă s-a dat fără citarea lor
B. încheierea prin care se admite ori se respinge cererea de repunere pe rol este supusă recursului pe toată durata suspendării
C. hotărârea dată în recurs de Înalta Curte de Casaţie şi Justiţie prin care se ia act de renunţarea la judecată este supusă recursului în termen de 30 de zile de la comunicare",A
Drept Procesual Civil,"31.  Va fi admisă cererea de reexaminare formulată împotriva încheierii de anulare a cererii de chemare în judecată în procedura regularizării, în cazul în care:","A. anularea a fost dispusă pentru neindicarea motivelor de drept şi a probelor
B. odată cu cererea de reexaminare, reclamantul a complinit lipsurile care au determinat anularea cererii
C. reclamantul invocă excepţia necompetenţei materiale a judecătoriei sesizate, în cazul în care cererea sa are ca obiect plata sumei de 300.000 lei",A
Drept Procesual Civil,40.  În etapa regularizării cererii de chemare în judecată:,"A. împotriva încheierii de anulare a cererii de chemare în judecată reclamantul va putea formula numai cerere de reexaminare, care se va soluţiona în camera de consiliu, cu citarea părţilor, de către un alt complet al instanţei respective
B. prin admiterea cererii de reexaminare, asupra măsurii anulării cererii de chemare în judecată se va putea reveni când aceasta a fost dispusă eronat
C. poate interveni anularea cererii de chemare în judecată pentru neîndeplinirea procedurii prealabile impuse de o normă de ordine publică.",B
Drept Procesual Civil,"31.  Declaraţia de abţinere a judecătorului împotriva căruia s-a formulat o cerere de recuzare, de către una dintre părţi, pentru acelaşi motiv de incompatibilitate:","A. se pune în discuţia contradictorie a părţilor
B. se poate formulă atât în scris, cât şi verbal în şedinţă, fiind consemnată în încheiere
C. se judecă după soluţionarea cererii de recuzare, pentru a se putea cerceta dacă declaraţia de abţinere a rămas sau nu fără obiect.",B
Drept Procesual Civil,34.  Perimarea cererii de chemare în judecată:,"A. poate fi invocată pentru prima oară în instanța de apel
B. se constată la cererea părții interesate ori din oficiu, prin hotărâre, pronunțată după citarea părților, care se atacă în termen de 5 zile de la pronunțare, numai cu recurs
C. lipsește de efecte toate actele de procedură făcute în acea instanță, părțile neputându-se folosi de niciunul dintre acestea într-o nouă cerere de chemare în judecată",B
Drept Procesual Civil,27.  Potrivit dispoziţiilor Codului de procedură civilă din 2010 referitoare la aplicarea în timp a legii de procedură civilă:,"A. dispoziţiile legii noi de procedură se aplică de la data intrării ei în vigoare şi proceselor în curs de judecată începute sub legea veche
B. condiţiile de admisibilitate şi puterea doveditoare a probelor preconstituite şi a prezumțiilor legale sunt guvernate de legea în vigoare la data producerii lor ori, după caz, a săvârşirii faptelor juridice care fac obiectul probațiunii
C. administrarea probelor se face potrivit legii în vigoare la data administrării lor.",BC
Drept Procesual Civil,32.  Nu este susceptibilă a forma obiect al contestaţiei în anulare:,"A. încheierea prin care soluţionarea unei cauze a fost declinată de la o secţie a unei instanţe către o altă secţie specializată a aceleiaşi instanţe
B. hotărârea prin care înalta Curte de Casaţie şi Justiţie a luat act de renunţarea la judecata cererii de chemare în judecată în etapa procesuală a recursului
C. decizia instanţei de apel care, potrivit legii, nu poate fi atacată cu recurs, atunci când instanţa de apel nu s-a pronunţat asupra unuia dintre apelurile declarate în cauză",A
Drept Procesual Civil,"26.  Contradictorialitatea, principiu fundamental al procesului civil:","A. presupune, printre altele, că instanța nu poate hotărî, în niciun caz, asupra unei cereri decât după citarea sau înfățișarea părților
B. nu obligă instanța să supună discuției părților calificarea juridică exactă a actelor și faptelor deduse judecății, din moment ce calificarea este atributul exclusiv al instanței
C. presupune, printre altele, că părțile au dreptul de a discuta și argumenta orice chestiune de fapt sau de drept invocată în cursul procesului de către orice participant la proces, inclusiv de către instanță din oficiu",C
Drept Procesual Civil,33.  Cererea de încuviinţare a executării silite:,"A. este de competenţa de soluţionare în primă instanţă a judecătoriei în a cărei circumscripţie se află, la data sesizării instanţei, domiciliul sau, după caz, sediul debitorului
B. se trimite instanţei de executare de către creditor în termen de maximum 3 zile de la înregistrarea cererii la executorul judecătoresc
C. se respinge atunci când titlul este reprezentat de o hotărâre judecătorească, prin al cărei dispozitiv s-a constatat exclusiv inexistenţa dreptului de proprietate al pârâtului asupra imobilului aflat în posesia reclamantului",C
Drept Procesual Civil,41.  În ceea ce privește proba cu martori:,"A. la momentul propunerii, se vor arăta numele, prenumele și adresa martorilor, numai în măsura în care martorul propus este de acord cu divulgarea acestor date
B. nu poate fi ascultată ca martor persoana care beneficiază de consiliere judiciară
C. în cazul amânării procesului pentru administrarea acestei probe, atunci când a fost propusă și încuviințată în cursul procesului pentru că nevoia administrării acesteia a reieșit din cercetarea judecătorească și partea nu a putut-o prevedea, partea este obligată, sub sancțiunea decăderii din dreptul de a administra proba încuviințată, să depună lista martorilor în termen de 5 zile de la încuviințarea probei",C
Drept Procesual Civil,47.  Hotărârea judecătorească:,"A. privind evacuarea din imobilele folosite sau ocupate fără drept este executorie de drept și nu poate fi suspendată ȋn ceea ce privește evacuarea ocupantului
B. va produce de drept efecte, în toate cazurile, contra succesorului cu titlu particular al uneia dintre părți, chiar dacă acesta nu a fost introdus ȋn cauză
C. de expedient, pronunțată ȋn procedura ordonanței de plată este definitivă și constituie titlu executoriu",A
Drept Procesual Civil,34.  În procedura specială a evacuării din imobilele folosite sau ocupate fără drept:,"A. spre deosebire de procedura ordonanţei preşedinţiale, părţile se citează, în primă instanţă, în toate cazurile
B. spre deosebire de procedura de drept comun a evacuării, nu se permite pârâtului să formuleze întâmpinare şi cerere de chemare în garanţie
C. hotărârea primei instanţe prin care a fost admisă cererea de evacuare este executorie provizoriu de drept",C
Drept Procesual Civil,"47.  În situaţia în care, prin hotărârea pronunţată, prima instanţă a obligat pârâtul la plata preţului pretins al bunului, dar a omis să se pronunţe asupra dobânzii solicitate prin cererea de chemare în judecată, reclamantul poate formula, în vederea înlăturării acestei neregularităţi:","A. numai cerere de completare a hotărârii
B. cerere de revizuire
C. cerere de apel",B
Drept Procesual Civil,46.  Poate declara apel principal:,"A. reclamantul, în situația în care prima instanță a omis să se pronunțe asupra cererii sale de acordare a cheltuielilor de judecată
B. procurorul care a participat la judecată în procesul civil, deși participarea acestuia nu era obligatorie potrivit legii
C. pârâtul care a executat în tot hotărârea de primă instanță prin care s-a dispus obligarea sa la strămutarea hotarului",B
Drept Procesual Civil,"35.  Spre deosebire de nulitatea relativă a actelor de procedură, nulitatea absolută:","A. lipseşte de efecte actele de procedură efectuate cu nerespectarea cerinţelor legale
B. poate fi invocată chiar de cel care a cauzat neregularitatea procedurală prin propria faptă
C. împiedică actele de procedură să producă alte efecte juridice decât cele care decurg din natură lor proprie.",B
Drept Procesual Civil,50.  Este admisibilă proba cu martori propusă de reclamant pentru dovedirea:,"A. viciului de consimţământ al erorii esenţiale asupra calităţilor substanţiale ale bunului vândut, indiferent de valoarea acestuia
B. împrejurării de fapt a înmânării citației către pârât la o anumită dată, atunci când lipseşte data din procesul-verbal întocmit de agentul procedural privind refuzul pârâtului de a semna dovada de înmânare
C. unei vânzări a unui bun mobil cu o valoare mai mare de 250 de lei, dacă pârâtul este un profesionist şi a încheiat actul în exerciţiul activităţii sale profesionale.",AC
Drept Procesual Civil,"40.  Potrivit principiului continuităţii ce guvernează procesul civil, judecătorul învestit cu soluţionarea cauzei:","A. nu poate fi înlocuit pe durata procesului decât pentru motive temeinice, în condiţiile legii;
B. va respinge cererea de conexare ori de câte ori soluționarea ei ar conduce la judecarea cauzei de către un alt complet;
C. va continua să judece procesul chiar în lipsa părţilor legal citate dacă acestea nu au solicitat judecarea cauzei în lipsă.",A
Drept Procesual Civil,48.  Părţile au obligaţia de a proba:,"A. textele care nu sunt publicate în Monitorul Oficial al României sau într-o altă modalitate anume prevăzută de lege
B. dreptul internaţional cutumiar
C. prin înscris autentic, orice act juridic, în toate cazurile în care acesta este atacat pentru fraudă.",AB
Drept Procesual Civil,"34.  În cazul deţinuţilor, părţi în procesul civil:","A. locul citării acestora este administraţia locului de deţinere
B. aceştia se citează la fiecare termen, cu excepţia cazului când au termen în cunoştinţă
C. în ipoteza divorţului din culpa soţilor, în faţă instanţelor de fond, trebuie să se înfăţişeze în persoană.",A
Drept Procesual Civil,"30.  Împotriva încheierii de anulare a cererii de chemare în judecată, pronunţate în etapa regularizării cererii:","A. reclamantul va putea face numai cerere de reexaminare, care, în caz de admitere, va determina repartizarea aleatorie a cauzei la un alt complet al instanţei respective
B. se poate formula cerere de reexaminare de către partea interesată în termen de 15 zile de la data pronunţării încheierii
C. pârâtul nu are la dispoziţie nicio cale de atac",C
Drept Procesual Civil,37.  Are termen în cunoștință:,"A. partea care a depus cererea prin mandatar și a luat termenul în cunoștință
B. partea care a fost citată pentru un termen la domiciliul ales, la cabinetul avocatului său, iar citația pentru acel termen a fost primită de persoana însărcinată cu primirea corespondenței
C. deținutul care a fost prezent personal la un termen de judecată",A
Drept Procesual Civil,43.  Lipsa dovezii calității de reprezentant:,"A. poate fi invocată numai de partea care are interes, nu şi de procuror, atunci când acesta participă la procesul civil
B. poate fi invocată și de instanța de judecată, din oficiu
C. înaintea primei instanţe, nu poate fi invocată direct ȋn căile de atac",B
Drept Procesual Civil,39.  Cererea reconvențională:,"A. nu se comunică părților decât atunci când legea prevede expres
B. este inadmisibilă dacă este formulată în procedura partajului judiciar
C. având ca obiect desfacerea căsătoriei prin divorț se poate depune de soțul pârât cel mai târziu până la primul termen de judecată la care a fost citat în mod legal în procesul de divorț, pentru faptele petrecute înainte de această dată",C
Drept Procesual Civil,43.  Judecarea cauzei se suspendă de drept:,"A. când dezlegarea acesteia depinde, în tot sau în parte, de existența ori inexistența unui drept care face obiectul unei alte judecăți
B. prin decesul intervenientului principal, până la introducerea în cauză a moștenitorilor, în afară de cazul când partea interesată cere termen pentru introducerea în judecată a acestora, în ipoteza în care cererea de intervenție voluntară principală a fost admisă în principiu anterior intervenirii decesului
C. prin deschiderea procedurii insolvenței, în temeiul unei hotărâri judecătorești, dacă debitorul trebuie reprezentat, până la rămânerea definitivă a respectivei hotărâri",B
Drept Procesual Civil,31.  În ceea ce privește reprezentarea convenţională a părților în judecată:,"A. mandatarul nu poate renunța la mandat în cursul termenului de exercitare a căilor de atac
B. dreptul de reprezentare în judecată se presupune dat dacă cel care a dat procură generală nu are domiciliu și nici reședință în țară
C. renunțarea la mandat sau revocarea acestuia poate fi opusă celeilalte părți, în toate cazurile, doar de la comunicare prin notificare scrisă",A
Drept Procesual Civil,39.  În caz de litispendenţă:,"A. atunci când instanţele sunt de grad diferit, excepţia se invocă înaintea instanţei de grad inferior
B. în orice stare a judecăţii, cererile reunite pot fi disjunse şi judecate separat, dacă numai una dintre ele este în stare de judecată
C. încheierea prin care se respinge excepţia are caracter interlocutoriu şi poate fi atacată numai odată cu fondul.",AC
Drept Procesual Civil,34.  Decăderea:,"A. reclamantului din dreptul de a modifica cererea de chemare în judecată poate fi invocată și de instanță, din oficiu
B. nu intervine atunci când partea nu îndeplinește obligațiile stabilite de instanță privind avansarea cheltuielilor referitoare la administrarea probelor, dacă prin aceasta nu se amână judecata
C. din dreptul de a invoca nerespectarea normelor privind competența teritorială de drept comun într-o cerere privind ordonanța președințială intervine dacă pârâtul nu a invocat excepția necompetenței prin întâmpinare",A
Drept Procesual Civil,36.  Intervine decăderea :,"A. reclamantului din dreptul de a transforma cererea de ordonanţă preşedinţială în cerere de drept comun, dacă nu este formulată până la terminarea cercetării procesului în faţa primei instanţe
B. ȋn cazul nerespectării termenului de exercitare a apelului, atunci când partea și-a schimbat domiciliul (locul citării) anterior pronunțării hotărârii, fără a ȋncunoștința instanța despre aceasta, comunicarea hotărârii fiind făcută la vechea adresă
C. ȋn cazul ȋn care partea nu depune lista martorilor ȋn termen de 5 zile de la ȋncuviințarea probei, atunci când necesitatea probei reiese din cercetarea judecătorească și partea nu o putea prevedea",B
Drept Procesual Civil,28.  Procurorul poate exercita căile de atac:,"A. atunci când a participat la judecată, în condiţiile legii
B. în orice proces civil, dacă apreciază că este necesar pentru apărarea ordinii de drept, a drepturilor şi intereselor cetăţenilor
C. împotriva hotărârilor pronunţate în acţiuni referitoare la drepturile şi interesele legitime ale persoanelor puse sub interdicţie şi ale dispăruţilor, chiar dacă nu a pornit el acţiunea civilă.",AC
Drept Procesual Civil,"29.  Dacă în cursul unui proces având ca obiect revendicare imobiliară, dreptul litigios constând în dreptul de proprietate privată asupra imobilului este transmis printr-un contract de vânzare încheiat de către pârât cu un terţ:","A. pârâtul este obligat să formuleze cerere de intervenţie forţată de arătare a titularului dreptului pentru atragerea terţului în proces
B. instanţa va repune în discuţie excepţiile procesuale de ordine publică soluţionate până la momentul la care terţul a intervenit sau a fost introdus în cauză
C. dacă pârâtul este scos din proces, judecata va continua între reclamant şi terţ, existând posibilitatea că terţul să fie obligat prin hotărârea judecătorească ce se va pronunţă în cauză, în măsura în care pretenţiile reclamantului se dovedesc a fi întemeiate.",C
Drept Procesual Civil,26.  În legătură cu modul în care se consemnează depoziția martorului se aplică legea de la data:,"A. nașterii raportului juridic dedus judecății
B. administrării probei
C. începerii procesului",B
Drept Procesual Civil,32.  În ceea ce privește cererea pentru constatarea existenței sau inexistenței unui drept:,"A. aceasta nu poate fi primită dacă partea poate cere realizarea dreptului pe orice altă cale prevăzută de lege
B. competența instanței se determină după regulile prevăzute pentru cererea având ca obiect realizarea dreptului
C. dacă aceasta se înlocuiește cu o cerere în realizarea dreptului, instanța este obligată să dispună amânarea judecării cauzei și comunicarea cererii modificate pârâtului, în vederea formulării întâmpinării",A
Drept Procesual Civil,28.  Cererea de intervenție voluntară principală formulată în primă instanță prin care un terț solicită să i se lase în deplină proprietate un bun ce face obiectul procesului de partaj:,"A. nu poate fi formulată după pronunțarea încheierii de admitere în principiu a cererii de partaj judiciar
B. după ce a fost admisă în principiu, ar putea fi disjunsă, dacă judecata acesteia ar întârzia judecata în cererea principală
C. dacă este respinsă ca inadmisibilă, încheierea de respingere poate fi atacată de cel care a formulat cerere de intervenție odată cu fondul",C
Drept Procesual Civil,30.  Competența materială:,"A. în cazul cererii având ca obiect un drept real asupra unui bun imobil, se determină în funcție de valoarea impozabilă a imobilului, stabilită potrivit legislației fiscale
B. în cazul cererii în materie de moștenire, se determină în raport cu valoarea activului moștenirii, după scăderea sarcinilor sau datoriilor moștenirii
C. în cazul unei cereri de plată parțială, se determină în raport de valoarea pretenției, care se stabilește după partea pretinsă de reclamant ca fiind exigibilă",AC
Drept Procesual Civil,26.  Principiul nemijlocirii:,"A. presupune obligația părților de a se adresa judecătorului în ședință publică, nefiind posibilă adresarea de întrebări în mod direct către cealaltă parte
B. presupune că probele se administrează, de regulă, de către instanța care judecă procesul
C. permite ca proba cu expertiză să fie administrată la o altă instanță, prin comisie rogatorie, caz în care numirea experților și stabilirea sumelor cuvenite vor fi lăsate în sarcina acestei din urmă instanțe",BC
Drept Procesual Civil,43.  Nu pot fi audiaţi ca martori:,"A. cei care sunt lipsiţi de discernământ în momentul audierii, dacă sunt puşi sub interdicţie
B. cei condamnaţi pentru mărturie mincinoasă, în pricinile referitoare la filiaţie
C. minorii care nu au împlinit vârsta de 14 ani",AB
Drept Procesual Civil,39.  Persoana care este terţ față de procesul civil:,"A. nu se poate sustrage, fără un motiv legitim, obligaţiei de a sprijini realizarea justiţiei;
B. poate refuza să aducă un înscris în instanță, pentru motivul că nu este parte în proces, chiar dacă instanța i-a pus în vedere o asemenea obligație;
C. poate fi constrânsă la executarea obligaţiei de a sprijini realizarea justiţiei, sub sancţiunea plăţii unei amenzi judiciare şi, dacă este cazul, a unor daune-interese.",AC
Drept Procesual Civil,29.  Strămutarea procesului pentru motiv de bănuială legitimă se poate cere:,"A. şi de către procuror, numai când participarea sa la judecată este obligatorie conform legii
B. şi în recurs
C. de către partea interesată, cu darea unei cauţiuni în cuantum de 1.000 lei",B
Drept Procesual Civil,"26.  În ipoteza în care, în lipsa cutiei poştale, agentul a afişat înştiinţarea pe uşa locuinţei destinatarului la data de 10.03.2017 (vineri), cu menţiunea că nu există urgenţă, iar acesta nu s-a prezentat pentru a ridica citaţia, termenul de judecată pentru o cauză care nu este urgentă şi pentru care nu există posibilitatea scurtării termenului de înmânare a citaţiei, este legal fixat la data de:","A. 20.03.2017;
B. 22.03.2017;
C. 23.03.2017.",BC
Drept Procesual Civil,42.  Cererea de chemare în judecată formulată de o persoană fizică cu capacitate de exerciţiu restrânsă:,"A. se anulează, dacă nu a fost confirmată până la termenul acordat în acest sens
B. este supusă verificării şi regularizării doar în măsura în care a fost confirmată
C. nu se poate perima, chiar dacă a rămas în nelucrare din motive imputabile părţii, timp de 6 luni",A
Drept Procesual Civil,37.  Revizuirea:,"A. se aseamănă cu contestaţia în anulare în privinţa regimului juridic al întâmpinării
B. se deosebeşte de contestaţia în anulare prin aceea că, în cazul în care se invocă motive care atrag competenţe diferite, nu operează prorogarea competenţei
C. se aseamănă cu contestaţia în anulare prin aceea că termenul de exercitare curge de la momente diferite, în funcţie de motivul invocat",A
Drept Procesual Civil,48.  În materia contestației la executare:,"A. hotărârea pronunțată de instanța de executare este executorie
B. contestaţia prin care o terţă persoană pretinde că are un drept de uzufruct asupra bunului urmărit poate fi introdusă în tot cursul executării silite, dar nu mai târziu de 15 zile de la momentul luării la cunoştinţă de efectuarea vânzării ori de data predării silite a bunului
C. hotărârea primei instanțe este definitivă, atunci când se contestă actele de executare",A
Drept Procesual Civil,50.  Termenul de perimare:,"A. poate fi ȋntrerupt printr-o cerere de intervenție principală formulată de un terț care dorește să fie introdus ȋn cauză, dacă aceasta este legal timbrată și ȋntrunește condițiile pentru a fi admisă ȋn principiu
B. nu curge dacă suspendarea judecății a intervenit ca urmare a sesizării Înaltei Curți de Casație și Justiție cu pronunțarea unei hotărâri prealabile pentru dezlegarea unei chestiuni de drept, chiar și după pronunțarea acesteia
C. nu curge ȋmpotriva incapabililor",B
Drept Procesual Civil,"47.  Potrivit regulilor prevăzute de Codul de procedură civilă, referitoare la aplicarea legii de procedură civilă:","A. hotărârile judecătoreşti sunt supuse căilor de atac, motivelor şi termenelor prevăzute de legea în vigoare la data pronunţării lor
B. procesele în curs de judecată la data schimbării competenţei instanţelor legal învestite vor continua să fie judecate de acele instanţe, potrivit legii sub care au început
C. administrarea probelor preconstituite se face potrivit legii în vigoare la data producerii lor.",B
Drept Procesual Civil,40.  În ceea ce privește judecata procesului:,"A. aceasta are loc la sediul instanței, dacă prin lege nu se dispune altfel
B. în cazurile în care cercetarea procesului în ședință publică ar aduce atingere vieții private a părților, instanța, numai la cererea acestora, poate dispune ca cercetarea procesului să se desfășoare în întregime fără prezența publicului
C. reprezentantul Ministerului Public, în toate cazurile, va vorbi cel din urmă",A
Drept Procesual Civil,48.  Este inadmisibilă contestaţia în anulare prin care se invocă:,"A. omisiunea instanţei de recurs de a se pronunţa asupra excepţiei de perimare a cererii de recurs
B. faptul că dezlegarea recursului este rezultatul unei greşeli materiale constând în reţinerea eronată a datei la care s-a depus cererea de recurs
C. faptul că hotărârea instanţei de apel, nesusceptibilă de recurs, a fost pronunţată cu încălcarea normelor referitoare la alcătuirea instanţei şi, deşi se invocase excepţia corespunzătoare, instanţa de apel a omis să se pronunţe asupra acesteia.",A
Drept Procesual Civil,33.  Atunci când cererea de chemare în judecată:,"A. este formulată prin mandatar, se va alătura procura în original sau în copie legalizată
B. este formulată prin reprezentantul persoanei juridice de drept privat, se va depune, în copie, un extras din registrul public în care este menționată împuternicirea sa
C. poartă o denumire greșită, va putea fi anulată, nefiind valabil făcută",AB
Drept Procesual Civil,"41.  Spre deosebire de renunţarea la judecată, în cazul renunţării la dreptul pretins:","A. aceasta poate avea loc în căile de atac, fără a fi necesar acordul pârâtului
B. când renunţarea este făcută în căile extraordinare de atac, vor fi anulate hotărârile pronunţate în cauză
C. hotărârea prin care se ia act de renunţare în faţa unei secţii a Înaltei Curţi de Casaţie şi Justiţie este supusă recursului, care se judecă de completul de 5 judecători.",AC
Drept Procesual Civil,44.  În cazul competenţei teritoriale alternative:,"A. reclamantul are alegerea între mai multe instanţe deopotrivă competente;
B. pârâtul are alegerea între mai multe instanţe deopotrivă competente;
C. instanţa va dispune declinarea competenţei în favoarea altei instanţe deopotrivă competente, dacă pârâtul solicită acest lucru prin întâmpinare.",A
Drept Procesual Civil,31.  Cererea de intervenție voluntară principală:,"A. se taxează după regulile aplicabile obiectului cererii, dacă aceasta ar fi fost exercitată pe cale principală
B. se poate face și în instanța de recurs, cu acordul expres al părților
C. va fi admisă în principiu doar dacă este dovedită condiția interesului intervenientului de a interveni în proces, spre deosebire de cererea de intervenție voluntară accesorie, în privința căreia legea nu prevede această condiție",A
Drept Procesual Civil,29.  Încheierea prin care instanța a admis în principiu cererea de intervenție voluntară principală:,"A. conferă intervenientului calitatea de parte în proces
B. se poate ataca separat în termen de 5 zile, care curge de la pronunțare pentru partea prezentă, respectiv de la comunicare, pentru partea lipsă
C. se poate ataca doar cu recurs, indiferent dacă a fost pronunțată în primă instanță sau în apel",A
