Drept Procesual Penal,76.  Nu este incompatibil:,"A. să soluţioneze o propunere de arestare preventivă judecătorul care a emis mandatul de percheziţie domiciliară a locuinţei inculpatului în aceeaşi cauză
B. să judece cauza în fond judecătorul care, în procedura camerei preliminare, a dispus excluderea ca nelegale a unor probe administrate în cursul urmăririi penale
C. să fie judecător de cameră preliminară judecătorul care, în cursul urmăririi penale, a emis în cauză un mandat de aducere a suspectului în faţă procurorului în vederea audierii.",AB
Drept Procesual Penal,"77.  În cazul contestației la executare referitoare la o sentință de condamnare la pedeapsa de 3 ani închisoare pronunțată de Judecătoria Sectorului 1 București, rămasă definitivă prin neapelare, în care este invocată o nelămurire cu privicompetența de soluționare aparține instanței care a pronunțat hotărârea ce se executăre la hotărârea care se execută, condamnatul aflându-se în stare de detenție:","A. competența de soluționare aparține instanței care a pronunțat hotărârea ce se execută
B. participarea procurorului este obligatorie și asistența juridică a condamnatului este facultativă
C. instanța se va pronunța prin sentință, supusă contestației",A
Drept Procesual Penal,"92.  Tragerea la răspundere penală a celui care a exercitat acte de violență ce au produs leziuni care au necesitat 85 de zile de îngrijiri medicale, asupra unei persoane care suferea de un handicap fizic, având ambele picioare secționate în urma unui accident, aflată în întreținerea sa în baza unui contract încheiat în acest sens, nu este posibilă dacă:","A. nepoata persoanei vătămate, care a preluat obligația de întreținere, nu a depus plângere prealabilă în trei luni de la data comiterii faptei
B. nu a fost formulată plângere prealabilă după ce procurorul a schimbat încadrarea juridică din tentativă la infracțiunea de omor în infracțiunea de loviri sau alte violențe
C. persoana vătămată și-a retras plângerea prealabilă, chiar dacă agresorul a solicitat continuarea procesului penal",BC
Drept Procesual Penal,86.  În ceea ce privește expertiza:,"A. nu se poate încuviinţa, la solicitarea procurorului ca expertul care a efectuat expertiza în cursul urmăririi penale, să participe la efectuarea în cursul judecăţii a noii expertize, alături de expertul desemnat de instanţă;
B. se poate dispune în cursul urmăririi penale de judecătorul de drepturi și libertăți prin încheiere;
C. în faza de judecată, la momentul dispunerii prin încheiere a expertizei având ca obiectiv stabilirea numărului de zile de îngrijiri medicale, instanța va desemna și experții pentru efectuarea acesteia.",A
Drept Procesual Penal,82.  În procedura de cameră preliminară:,"A. nerespectarea termenului de 60 de zile prevăzut de lege pentru finalizarea procedurii se sancţionează cu decăderea
B. judecătorul de camera preliminară trebuie să verifice periodic, din oficiu, legalitatea şi temeinicia controlului judiciar
C. judecătorul de camera preliminară poate dispune, din oficiu, luarea măsurii arestului la domiciliu.",C
Drept Procesual Penal,83.  Termenul de declarare a contestaţiei este întotdeauna de:,"A. 3 zile de la comunicare, când vizează sentinţa prin care se soluţionează cererea de reabilitare judecătorească
B. 48 de ore de la pronunţare, când vizează încheierea prin care s-a dispus luarea măsurii arestării preventive de către judecătorul de drepturi şi libertăţi
C. 3 zile de la comunicarea încheierii prin care judecătorul de cameră preliminară a respins excepţiile invocate şi a dispus începerea judecăţii.",C
Drept Procesual Penal,96.  Supravegherea tehnică constând în autorizarea interceptării comunicaţiilor suspectului poate fi dispusă:,"A. numai în cazul infracțiunilor pentru care punerea în mişcare a acţiunii penale se face din oficiu, dacă măsura îndeplineşte condiţiile de proporţionalitate şi subsidiaritate
B. și în cazul unor infracțiuni pentru care punerea în mişcare a acţiunii penale se face la plângerea prealabilă a persoanei vătămate
C. la solicitarea procurorului, ca urmare a cererii motivate formulată de persoana vătămată, indiferent de natura infracţiunii care formează obiectul cercetării",B
Drept Procesual Penal,"80.  În cazul în care Direcţia Naţională Anticorupţie dispune trimiterea în judecată a inculpatului X, avocat, pentru săvârşirea infracţiunii de trafic de influenţă, şi, prin acelaşi rechizitoriu, dispune clasarea cauzei cu privire la inculpatul Y, şoferul lui X, cercetat sub aspectul săvârşirii infracţiunii de mărturie mincinoasă, plângerea prin care Y contestă temeiul soluţiei de clasare este de competenţa judecătorului de cameră preliminară de la:","A. curtea de apel
B. tribunal
C. judecătorie",B
Drept Procesual Penal,80.  Reprezintă un act procesual:,"A. citaţia
B. predarea și percheziționarea trimiterilor poștale
C. încuviințarea audierii investigatorului sub acoperire",C
Drept Procesual Penal,92.  Redeschiderea urmăririi penale:,"A. poate fi dispusă de procurorul care a dispus clasarea
B. poate fi dispusă şi de procurorul ierarhic superior procurorului care a dispus renunţarea la urmărirea penală, atunci când se constată că persoana nu şi-a îndeplinit cu rea-credinţă obligaţiile stabilite
C. este supusă confirmării judecătorului de cameră preliminară în toate cazurile.",A
Drept Procesual Penal,98.  Suspendarea judecăţii:,"A. se dispune întotdeauna când se constată pe baza unei expertize medico-legale că inculpatul suferă de o boală gravă, care îl împiedică să participe la judecată
B. în fața primei instanțe, atunci când s-a cerut extrădarea activă a inculpatului, se dispune prin încheiere care este supusă contestaţiei
C. se dispune în situația în care există un impediment legal temporar pentru punerea în mișcare a acțiunii penale față de o persoană",B
Drept Procesual Penal,89.  În faza de cameră preliminară:,"A. excluderea tuturor probelor administrate în cursul urmăririi penale determină restituirea cauzei la parchet, fără a se mai solicita procurorului să comunice dacă îşi menţine dispoziţia de trimitere în judecată
B. solicitarea procurorului de a se dispune restituirea cauzei, în situaţia în care au fost excluse una sau mai multe dintre probele administrate în cursul urmăririi penale, poate fi respinsă dacă este posibilă stabilirea obiectului şi limitelor judecăţii
C. poate fi dispusă încetarea procesului penal în cazul în care se constată împlinirea termenului de prescripţie a răspunderii penale",A
Drept Procesual Penal,"89.  Termenul de 3 zile pentru formularea contestaţiei împotriva măsurii asiguratorii luate de procuror printr-o ordonanţă comunicată suspectului marţi, 05.2019, expiră la data de:","A. 09.05.2019
B. 11.05.2019
C. 13.05.2019",C
Drept Procesual Penal,99.  Extinderea urmăririi penale:,"A. se poate dispune de organul de cercetare penală, prin ordonanţă, în cursul urmăririi penale efectuate cu privire la faptă (in rem), fără a fi supusă confirmării motivate a procurorului
B. dispusă de organul de cercetare penală cu privire la o nouă faptă comisă de suspect, este supusă confirmării motivate a procurorului care supraveghează urmărirea penală, în termen de cel mult 3 zile de la data emiterii ordonanţei de extindere
C. nu este obligatoriu să fie comunicată suspectului vizat de extindere",A
Drept Procesual Penal,"83.  În caz de renunţare la aplicarea pedepsei faţă de inculpat, pronunţată în primă instanţă :","A. instanţa poate menţine arestarea preventivă a inculpatului, dacă constată că temeiurile care au determinat arestarea iniţială impun în continuare privarea de libertate a acestuia
B. instanţa dispune întotdeauna restituirea cauțiunii depuse de inculpatul aflat sub control judiciar
C. hotărârea pronunţată nu se poate întemeia numai pe declaraţiile investigatorului, ale colaboratorilor sau ale martorilor protejaţi.",C
Drept Procesual Penal,89.  În cursul judecăţii:,"A. cererea inculpatului de înlocuire a arestului la domiciliu cu măsura controlului judiciar pe cauţiune se soluţionează în camera de consiliu
B. procesul se poate desfăşura şi în lipsa inculpatului arestat preventiv dacă acesta a solicitat judecata în lipsă
C. inculpatul arestat în altă cauză poate fi reprezentat la judecarea cauzei dacă instanţa apreciază că prezenţa sa la judecată nu este necesară, chiar dacă acesta nu a solicitat judecata în lipsă.",AB
Drept Procesual Penal,"87.  În cursul procedurii de cameră preliminară, contestaţia împotriva încheierii privitoare la măsurile preventive se soluţionează:","A. în şedinţă publică, prin încheiere motivată, pronunţată în şedinţă publică
B. în camera de consiliu, prin încheiere motivată care se pronunţă în camera de consiliu
C. în camera de consiliu, prin decizie motivată care se pronunţă în camera de consiliu.",B
Drept Procesual Penal,80.  Este incompatibil:,"A. să se pronunţe asupra legalităţii şi temeiniciei ordonanţei procurorului prin care s-a dispus redeschiderea urmăririi penale, judecătorul care anterior a soluţionat plângerea împotriva ordonanţei procurorului prin care se dispusese luarea măsurii controlului judiciar
B. să soluţioneze o cerere de revizuire, judecătorul care anterior a soluţionat plângerea împotriva ordonanţei prin care procurorul a dispus clasarea pe motiv că a intervenit prescripţia
C. să soluţioneze cauza în fond, judecătorul care anterior a soluţionat contestaţia formulată de unul dintre inculpaţi împotriva încheierii de menţinere a arestării preventive, pronunţate în procedura de cameră preliminară.",AB
Drept Procesual Penal,"94.  În timpul unei şedinţe de judecată desfăşurate în cadrul Judecătoriei Sectorului 1 Bucureşti, unul dintre martori împinge partea civilă, aceasta se dezechilibrează, se loveşte în zona capului de pupitrul procurorului, iar în urma loviturii decedează pe loc. În acest caz:","A. judecătorul constată fapta, îl identifică pe făptuitor și dispune începerea urmăririi penale, înaintând apoi încheierea de şedinţă procurorului competent
B. procurorul care participă la şedinţa în cadrul căreia s-a comis fapta poate declara că începe urmărirea penală, pune în mişcare acţiunea penală şi îl poate reţine pe inculpat
C. Judecătoria Sectorului 1 Bucureşti lasă nesoluţionată acţiunea civilă, dacă moştenitorii părţii civile nu îşi exprimă opţiunea de a continua exercitarea acţiunii civile, în termen de două luni de la data decesului.",C
Drept Procesual Penal,96.  Cererea de revizuire:,"A. formulată după expirarea termenului legal se respinge, prin sentință, ca inadmisibilă
B. formulată de procuror nu poate fi întemeiată pe motivul că s-au descoperit fapte sau împrejurări ce nu au fost cunoscute la soluționarea cauzei şi care dovedesc netemeinicia hotărârii definitive de achitare pronunțate în cauză
C. nu poate privi latura civilă a cauzei",A
Drept Procesual Penal,99.  Cererea de revizuire trebuie adresată:,"A. procurorului de la parchetul de pe lângă instanţa care a judecat cauza în primă instanţă
B. instanţei care a judecat cauza în primă instanţă, dacă priveşte netemeinicia hotărârii de condamnare
C. instanţei care a judecat cauza în primă instanţă, chiar dacă priveşte doar latura civilă.",B
Drept Procesual Penal,95.  În cauzele cu inculpaţi minori:,"A. nu este obligatorie citarea de către organul de urmărire penală a părinţilor inculpatului minor în vârstă de 17 ani, la confruntarea acestuia cu persoana vătămată;
B. la punerea în executare a măsurii educative a consemnării la sfârşit de săptămână trebuie chemat reprezentantul serviciului de probaţiune;
C. instanţa, în cursul judecăţii, va constata nulitatea declaraţiei inculpatului minor, dată în cursul urmăririi penale în lipsa unui avocat ales sau desemnat din oficiu.",AB
Drept Procesual Penal,95.  În cursul procedurii de cameră preliminară:,"A. se poate dispune excluderea procesului-verbal întocmit ca urmare a identificării de persoane după fotografii, identificare efectuată de către persoana vătămată, ce s-a desfășurat în lipsa și fără încunoștințarea avocatului din oficiu al inculpatului, care a solicitat să participe la efectuarea actelor de urmărire penală
B. nu pot fi administrate alte mijloace de probă, în afară de proba cu înscrisuri
C. judecătorul de cameră preliminară nu poate invoca, din oficiu, nulitatea relativă",A
Drept Procesual Penal,84.  În cursul urmăririi penale este obligatorie înregistrarea prin mijloace tehnice audio-video a declaraţiei:,"A. martorului protejat
B. martorului vulnerabil
C. persoanei vătămate minore, a cărei audiere s-a făcut prin interpret",A
Drept Procesual Penal,78.  În cazul competenţei după calitatea persoanei:,"A. instanţa rămâne competentă să judece cauza, chiar dacă inculpatul, după săvârşirea infracţiunii, pierde acea calitate, însă infracţiunea ce formează obiectul cauzei a fost săvârşită în legătură cu atribuţiile de serviciu ale acestuia
B. Înalta Curte de Casaţie şi Justiţie soluţionează cauza dacă inculpatul a dobândit calitatea de deputat în cursul judecării cauzei în primă instanţă, după citirea actului de sesizare
C. instanţa rămâne competentă să judece cauza privind o infracţiune de viol, chiar dacă inculpatul, după comiterea infracţiunii, a pierdut calitatea de avocat după sesizarea instanţei prin rechizitoriu, cauza fiind în procedura de cameră preliminară.",AB
Drept Procesual Penal,"97.  În cazul în care procurorul dispune clasarea faţă de suspect pentru infracţiunea de lovire şi alte violenţe ca urmare a lipsei plângerii prealabile, în procedura plângerii împotriva acestei soluţii:","A. petenţii şi intimaţii pot formula cereri şi excepţii privind legalitatea administrării probelor sau a actelor de urmărire penală;
B. judecătorul de cameră preliminară verifică soluţia pe baza actelor şi a materialului din dosarul de urmărire penală şi a oricăror înscrisuri noi prezentate;
C. încheierea pronunţată de judecătorul de cameră preliminară este definitivă.",BC
Drept Procesual Penal,94.  Declaraţia investigatorului sub acoperire care a fost prezent la momentul comiterii faptei de care este acuzat inculpatul constituie:,"A. o probă directă pe care se poate întemeia în măsură determinantă hotărârea de achitare a inculpatului
B. un mijloc de probă pe care nu se poate întemeia în măsură determinantă hotărârea de renunţare la aplicarea pedepsei
C. un procedeu probatoriu pe care nu se poate întemeia în măsură determinantă hotărârea de amânare a aplicării pedepsei",B
Drept Procesual Penal,100.  Cererea de revizuire a unei hotărâri poate fi formulată:,"A. și prin substituit procesual
B. la instanța civilă atunci când se referă exclusiv la dispozițiile civile din hotărârea penală nedefinitivă vizând restituirea lucrurilor, executorii din momentul pronunțării
C. și atunci când prin două hotărâri definitive, același inculpat a fost condamnat pentru aceeași infracțiune, la două pedepse cu închisoarea în cuantum diferit",A
Drept Procesual Penal,"78.  Plângerea prealabilă formulată şi semnată de soţul persoanei vătămate X împotriva notarului public Z pentru infracţiunea de lovire şi alte violenţe, la care a ataşat procura specială dată de soţie (persoana vătămată X), va fi:","A. clasată de Parchetul de pe lângă Judecătoria A în a cărui circumscripţie a fost comisă fapta, pentru motivul că plângerea prealabilă trebuia formulată şi semnată de persoana vătămată;
B. clasată pentru tardivitate de Parchetul de pe lângă Judecătoria A, în a cărui circumscripţie a fost comisă fapta, în condiţiile în care a fost înregistrată la Judecătoria A în termen de 2 luni de la data comiterii faptei, dar a fost trimisă la acest parchet pe cale administrativă după încă 2 luni;
C. înregistrată la Parchetul de pe lângă Curtea de Apel B, în a cărui circumscripţie a fost comisă fapta, iar urmărirea penală va fi efectuată de către procuror.",C
Drept Procesual Penal,"93.  În activitatea de conducere şi supraveghere a activităţii organelor de cercetare penală, procurorul poate:","A. da dispoziţii verbale, nemotivate, cu caracter obligatoriu şi prioritar pentru organele de cercetare penală
B. dispune preluarea oricărei cauze în care exercită supravegherea, caz în care organul de cercetare penală nu va mai întocmi referat de terminare a urmăririi penale
C. confirmă continuarea efectuării percheziţiei anterior autorizate de judecător şi la imobilele învecinate, dacă se constată în cursul percheziţiei că în aceste imobile s-au ascuns persoanele căutate.",AB
Drept Procesual Penal,88.  Plângerea împotriva soluției de neurmărire sau netrimitere în judecată:,"A. poate fi formulată împotriva soluției de renunțare la urmărire penală
B. poate fi făcută de către cel care a formulat denunțul în cauza penală
C. trebuie să cuprindă data ordonanței sau a rechizitoriului atacat",C
Drept Procesual Penal,"78.  În cursul judecății în primă instanță s-a luat măsura arestării preventive a inculpatului, muncitor necalificat, trimis în judecată pentru comiterea unei tentative la infracțiunea de omor. Instanța, ulterior dispunerii arestării, dar anterior soluționării căii de atac împotriva acesteia, a schimbat încadrarea juridică din tentativă la infracțiunea de omor în infracţiunea de lovire sau alte violențe prevăzută de art. 193 alin. (1) C.pen. În acest caz, calea de atac împotriva încheierii prin care s-a dispus arestarea preventivă:","A. se soluționează de tribunal
B. se soluţionează de curtea de apel
C. poate fi admisă chiar dacă soluționarea ei are loc după ce prima instanță a verificat legalitatea și temeinicia măsurii preventive și a dispus menținerea acesteia",B
Drept Procesual Penal,80.  În procedura plângerii împotriva ordonanței procurorului prin care s-a luat ori s-a prelungit controlul judiciar:,"A. se poate formula contestație împotriva încheierii pronunţate de judecătorul de drepturi şi libertăţi în termen de 48 de ore de la pronunțare sau, după caz, de la comunicare;
B. contestația formulată de procuror împotriva încheierii judecătorului de drepturi şi libertăţi prin care s-a eliminat o obligație din conținutul controlului judiciar nu suspendă executarea;
C. încheierea pronunțată de judecătorul de drepturi și libertăți se comunică inculpatului prezent la pronunțare, arestat în altă cauză.",B
Drept Procesual Penal,93.  Renunțarea la audierea unui martor:,"A. nu poate fi pusă în dezbatere, din oficiu, de instanța de judecată
B. este urmată de citirea, în cursul cercetării judecătorești, a depoziției date de martor în cursul urmăririi penale
C. intervine și dacă audierea martorului nu mai este posibilă deoarece acesta nu își mai amintește faptele cu privire la care este întrebat",A
Drept Procesual Penal,"78.  În cazul în care persoana vătămată este un minor în vârstă de 13 ani, iar reprezentantul legal al acestuia nu solicită despăgubiri, cererea de acordare a despăgubirilor, formulată de procuror, oral, pentru minor, cu ocazia dezbaterilor asupra fondului cauzei:","A. se va admite, dacă sunt indicate natura, întinderea pretenţiilor şi este probată
B. se va admite, întrucât procurorul poate formula o atare cerere, chiar în lipsa solicitării reprezentantului legal
C. se va respinge, întrucât în acest caz despăgubirile pot fi cerute numai la instanţa civilă.",C
Drept Procesual Penal,92.  Instanţa poate dispune luarea măsurii arestării preventive:,"A. pentru motivul constând în săvârşirea unei noi infracţiuni (furt calificat), doar în cauza în care inculpatul este cercetat pentru noua faptă, nu şi în cauza în care, la momentul comiterii noii infracţiuni, acesta era deja trimis în judecată în stare de libertate, în urma revocării arestului la domiciliu
B. faţă de inculpatul care a fost arestat anterior o perioadă de 180 de zile, în cursul urmăririi penale, pentru aceeaşi faptă
C. cu ocazia soluţionării contestaţiei formulate de parchet împotriva încheierii prin care s-a admis cererea inculpatului şi s-a dispus modificarea controlului judiciar prin încetarea obligaţiei de a nu depăşi limita teritorială a României, dacă se constată că inculpatul se sustrage judecăţii şi a părăsit deja ţara",B
Drept Procesual Penal,90.  Partea civilă:,"A. poate renunța, în tot sau în parte, la pretențiile civile formulate, doar până la începerea dezbaterilor în apel
B. este întotdeauna subiectul pasiv principal al infracțiunii
C. poate face apel în ceea ce priveşte latura penală a cauzei",C
Drept Procesual Penal,"89.  Suspectul X. este cercetat pentru infracțiunea de loviri sau vătămări cauzatoare de moarte, prevăzută de art. 195 C.pen. În acest caz:","A. în baza delegării acordate de procuror, organul de cercetare penală îl poate reține pe X
B. în baza delegării acordate de procuror, organul de cercetare penală poate încuviința efectuarea unei cercetări la fața locului săvârșirii faptei
C. dacă din probele administrate rezultă bănuiala rezonabilă că X. a săvârșit și o infracțiune de furt, prevăzută de art. 228 alin. (1) C.pen. și nu există vreunul dintre cazurile care împiedică punerea în mișcare și exercitarea acțiunii penale de la art. 16 alin. 1 C.pr.pen., procurorul dispune extinderea urmăririi penale cu privire la fapta nou descoperită, fără a supune ordonanța de extindere confirmării procurorului ierarhic superior",C
Drept Procesual Penal,93.  Competenţa:,"A. personală se raportează, după caz, la momentul săvârşirii infracţiunii sau la un moment ulterior
B. teritorială rămâne câştigată instanţei dacă excepţia de necompetență a fost invocată după audierea inculpatului de către instanţa de judecată
C. funcţională este determinată de natura infracțiunii",A
Drept Procesual Penal,77.  Persoana vătămată majoră:,"A. se poate constitui parte civilă în cursul judecăţii numai înainte de citirea actului de sesizare a instanţei
B. poate solicita continuarea procesului penal în cazul decesului inculpatului
C. se poate constitui parte civilă în cursul urmăririi penale, putând ulterior să majoreze întinderea pretenţiilor până la terminarea cercetării judecătoreşti.",C
Drept Procesual Penal,79.  Excepţia de necompetenţă:,"A. personală a instanţei inferioare celei competente poate fi invocată cel târziu până la pronunţarea hotărârii în primă instanţă
B. materială poate fi invocată din oficiu de instanţa superioară celei competente potrivit legii, până cel mai târziu la începerea cercetării judecătoreşti, încălcarea acestor norme de competenţă atrăgând sancţiunea nulităţii absolute
C. teritorială a organelor de urmărire penală poate fi invocată de persoana vătămată şi înainte de punerea în mişcare a acţiunii penale.",C
Drept Procesual Penal,79.  Urmărirea penală se efectuează în mod obligatoriu de către procuror în cazul:,"A. infracțiunii de ultraj prevăzute de art. 257 Cod penal;
B. infracțiunilor care au avut ca urmare moartea unei persoane;
C. infracțiunii de înșelăciune prev. de art. 244 Cod penal săvârșite de un auditor public extern.",AC
Drept Procesual Penal,98.  Dacă prin sentinţă:,"A. s-a admis acordul de recunoaştere a vinovăţiei şi s-a lăsat nesoluţionată latura civilă a cauzei, măsurile asigurătorii luate în cauză se menţin
B. s-a aplicat măsură internării inculpatului într-un centru de detenţie, pentru o perioada de 15 ani, pentru săvârşirea infracţiunii de omor calificat, se va dispune în mod obligatoriu punerea de îndată în libertate a acestuia din arestul preventiv, dacă nu este reţinut sau arestat în altă cauză
C. instanţa l-a condamnat pe inculpat la pedeapsa închisorii cu executare în regim de detenţie şi a dispus menţinerea măsurii arestului la domiciliu luată anterior în cauză, nu mai are posibilitatea să înlocuiască, a doua zi după pronunţare, măsură arestului la domiciliu cu arestul preventiv.",AB
Drept Procesual Penal,77.  Poate refuza să dea declarații în calitate de martor:,"A. copilul în vârstă de până la 14 ani al persoanei vătămate
B. persoana care a avut calitatea de mediator al uneia dintre părți, cu privire la faptele și împrejurările pe care le-a cunoscut în această calitate
C. fratele unui inculpat cu privire la ceilalți inculpați, în cazul în care declarați sa poate fi limitată la aceștia din urmă",B
Drept Procesual Penal,"78.  După finalizarea cercetării judecătorești în fața primei instanțe, președintele completului acordă cuvântul procurorului în cadrul dezbaterilor. După ce procurorul finalizează concluziile, susținând în esență condamnarea inculpaților, președintele completului, având în vedere ora târzie, dispune întreruperea dezbaterilor și continuarea acestora în ziua următoare. În continuarea dezbaterilor a doua zi, avocatul inculpatului formulează cerere de recuzare împotriva respectivului procuror, motivând că acesta și-a spus părerea asupra acuzațiilor în ziua anterioară. Cererea de recuzare întemeiată pe acest motiv urmează a fi:","A. soluționată de procurorul ierarhic superior
B. respinsă
C. admisă",B
Drept Procesual Penal,76.  În cazul acordului de recunoaștere a vinovăției:,"A. inculpatul nu poate reveni niciodată asupra consimțământului său valabil exprimat
B. hotărârea definitivă prin care a fost admis acordul este supusă revizuirii atunci când față de același inculpat se pronunțase anterior o altă hotărâre definitivă pentru aceeași faptă
C. ședința de judecată este nepublică, dacă unicul inculpat din cauză este minor la data sesizării instanței",C
Drept Procesual Penal,"80.  În cazul în care instanța, dispunând condamnarea inculpatului pentru infracțiunea pentru care a fost trimis în judecată, îl obligă pe acesta la plata cheltuielilor judiciare avansate de către stat în cursul urmăririi penale, al procedurii în camera preliminară și al judecății, însă nu se pronunță asupra cheltuielilor privind interpretul desemnat de instanță care a asigurat interpretarea la termenul de dezbateri:","A. printr-o încheiere, se va înlătura omisiunea vădită, onorariul interpretului urmând a rămâne în sarcina statului
B. printr-o încheiere, se va îndrepta eroarea materială din dispozitivul sentinței penale pronunțate, cheltuielile privind interpretul urmând a fi avute în vedere la stabilirea cuantumului cheltuielilor judiciare la care a fost obligat inculpatul
C. printr-o modificare făcută în cuprinsul sentinței penale pronunțate, confirmată prin semnătură, se va dispune majorarea cuantumului cheltuielilor judiciare la care a fost obligat inculpatul",A
Drept Procesual Penal,92.  Instanța de judecată:,"A. va administra probe și va soluționa cauza și în ceea ce privește infracțiunea pentru care, prin actul de sesizare a instanţei, s-a dispus clasarea, având în vedere faptul că partea civilă a solicitat despăgubiri și pentru prejudiciul cauzat prin aceasta;
B. va soluționa cauza în procedura simplificată a recunoașterii învinuirii, constatând că inculpatul, trimis în judecată pentru infracțiunea de tăinuire, prevăzută de art. 270 Cod penal, recunoaște că a primit bunul de la autorul furtulu, dar arată că nu a știut că provine din furt;
C. nu va suspenda judecata atunci când din actele medicale eliberate de medicul de familie, rezultă că inculpatul, din cauza bolii, nu se poate prezenta la judecată.",C
Drept Procesual Penal,87.  Termenul:,"A. de 24 de ore pentru care se poate dispune reţinerea suspectului sau inculpatului este un termen substanţial;
B. de recomandare atrage sancţiuni în plan procesual în caz de nerespectare;
C. peremptoriu atrage nulitatea actului făcut peste termen.",AC
Drept Procesual Penal,"76.  În procedura confirmării măsurii supravegherii tehnice autorizate de către procuror, judecătorul de drepturi și libertăți poate:","A. confirma măsura, dacă sesizarea procurorului s-a făcut în termen de 48 de ore de la expirarea măsurii
B. infirma măsura, cu consecința distrugerii probelor obținute, cu excepția datelor ce pot fi folosite într-o altă cauză penală dacă din cuprinsul acestora rezultă informații concludente și utile privitoare la săvârșirea unei alte infracțiuni
C. lua măsura pe o durată de cel mult 30 de zile",C
Drept Procesual Penal,92.  Atrage incidența nulității absolute:,"A. neîntocmirea referatului de evaluare a inculpatului minor în cursul judecății, atunci când acesta nu a fost efectuat în cursul urmăririi penale
B. judecarea de către curtea de apel, în primă instanță, a cererii de revizuire având ca obiect o hotărâre definitivă de condamnare pentru infracțiunea de abuz în serviciu comisă de un funcționar bancar, pronunţată într-o cauză în care urmărirea penală a fost efectuată de Direcția Națională Anticorupţie, cerere întemeiată pe motivul că procurorul a comis o infracțiune în legătură cu acea cauză, împrejurare care a influențat soluția pronunțată
C. menținerea arestării preventive a inculpatului la data de 12.02.2021 de către judecătorul de cameră preliminară, în condițiile în care la data de 11.01.2021 judecătorul de cameră preliminară de la instanța superioară a dispus începerea judecății în aceeași cauză",C
Drept Procesual Penal,"100.  Inculpatul X a fost condamnat la pedeapsa de 1 an închisoare pentru infracţiunea de lovire şi alte violenţe, prin sentinţă rămasă definitivă prin neapelare. În acest caz:","A. fiind prins în străinătate şi extrădat de statul străin, poate formula cerere de redeschidere a procesului penal, pentru motivul că a fost judecat în lipsă, la instanţa superioară celei care a pronunţat hotărârea;
B. competenţa de soluţionare a contestaţiei în anulare întemeiată pe motivul că persoana vătămată îşi retrăsese plângerea prealabilă aparţine instanţei care a pronunţat hotărârea în primă instanţă;
C. cererea de revizuire formulată de procuror prin care a solicitat rejudecarea cauzei şi achitarea inculpatului, deoarece certificatul medico-legal al persoanei vătămate a fost declarat fals, poate fi formulată în maxim 1 an de la rămânerea definitivă a hotărârii prin care s-a constatat falsul.",B
Drept Procesual Penal,"88.  În cursul urmăririi penale, măsurile asigurătorii:","A. se iau de procuror prin ordonanţă
B. se iau de judecătorul de drepturi şi libertăţi, prin încheiere motivată, la propunerea procurorului
C. pentru garantarea executării pedepsei amenzii nu se pot lua asupra bunurilor părţii responsabile civilmente.",AC
Drept Procesual Penal,"97.  În cursul judecății, neregularitatea procedurii de citare:","A. a inculpatului arestat preventiv poate fi invocată de către procuror numai la termenul la care ea s-a produs
B. a părţii civile este luată în considerare dacă este invocată la termenul următor celui în care ea s-a produs, de către inculpatul aflat în stare de libertate şi care a fost prezent la toate termenele
C. a părţii responsabile civilmente la termenul de judecată când s-a dat citire actului de sesizare, invocată de aceasta cu ocazia dezbaterilor şi în condiţiile în care aceasta a fost prezentă la celelalte termene de judecată, nu poate fi luată în considerare",C
Drept Procesual Penal,88.  Efectuarea în continuare a urmăririi penale faţă de suspect poate fi dispusă:,"A. numai de procuror, prin ordonanţă
B. şi de organele de cercetare penală, cu încuviinţarea prealabilă a procurorului
C. şi de organele de cercetare penală, cu confirmarea procurorului.",C
Drept Procesual Penal,95.  În procedura de soluţionare a contestaţiei formulate împotriva încheierii prin care au fost respinse cererile şi excepţiile invocate de inculpat şi s-a dispus începerea judecăţii:,"A. se citează şi partea civilă
B. poate fi invocată de către inculpat excepţia necompetenţei teritoriale a organului de urmărire penală, dacă aceasta nu a fost invocată în fata judecătorului de cameră preliminară de la instanţa sesizată cu rechizitoriu
C. poate fi dispusă o soluţie de încetare a procesului penal în cazul în care părţile declară că se împacă",A
Drept Procesual Penal,90.  În cazul expertizei medico-legale psihiatrice:,"A. este întotdeauna obligatorie internarea medicală a suspectului sau a inculpatului într-o instituție sanitară de specialitate
B. dispunerea acesteia este obligatorie în cazul uciderii ori vătămării de către mamă a copilului nou-născut
C. poate fi emis mandat de aducere pentru a asigura prezența la examinarea de către comisia medico-legală psihiatrică a suspectului care refuză să se prezinte în vederea examinării",B
Drept Procesual Penal,"88.  În cazul în care inculpatul, arestat preventiv, este trimis în judecată prin rechizitoriu:","A. judecătorul de cameră preliminară poate exclude unele probe administrate în cursul urmăririi penale şi sesiza procurorul care le va readministra în termen de cel mult 5 zile de la comunicarea încheierii
B. în procedura camerei preliminare judecătorul nu poate dispune, în aceeaşi cauză, începerea judecăţii şi pentru infracţiunile pentru care procurorul a dispus clasarea prin rechizitoriu
C. omisiunea judecătorului de cameră preliminară de a desemna un avocat din oficiu pentru inculpatul care nu avea angajat un avocat ales atrage nulitatea absolută care poate fi invocată de inculpat în orice stare a procesului penal.",B
Drept Procesual Penal,95.  Obținerea datelor privind tranzacțiile financiare ale unei persoane:,"A. nu este o metodă de supraveghere tehnică
B. nu se poate dispune de procuror
C. nu poate viza, în nicio situație, datele privind tranzacțiile financiare dintre avocat și suspect, inculpat sau orice altă persoană pe care acesta o apără",A
Drept Procesual Penal,79.  Nu poate depune niciodată mărturie:,"A. funcţionarul cu atribuţii privind ordinea publică, pentru o infracţiune constatată în timpul exercitării atribuţiilor de serviciu
B. persoana vătămată
C. fiul unuia dintre inculpaţi, care s-a prevalat de dreptul de a refuza să dea declaraţii împotriva tatălui său, cu privire la ceilalţi coinculpați.",B
Drept Procesual Penal,82.  Persoana vătămată:,"A. nu poate exercita acţiunea civilă în faţa instanţei penale cu privire la participanţii la săvârşirea infracţiunii care nu au fost trimişi în judecată
B. nu poate exercita niciodată acţiunea civilă în procesul penal doar împotriva părţii responsabile civilmente
C. potrivit legii, trebuie citată în mod obligatoriu în procedura de confirmare a redeschiderii urmăririi penale, atunci când redeschiderea a fost dispusă de către procurorul ierarhic superior, ca urmare a admiterii plângerii pe care persoana vătămată a formulat-o împotriva ordonanţei de clasare",A
Drept Procesual Penal,81.  Percheziţia domiciliară:,"A. poate fi încuviinţată şi de judecătorul de cameră preliminară
B. poate fi efectuată şi în lipsa apărătorului ales al inculpatului
C. nu poate fi încuviinţată de judecătorul de drepturi şi libertăţi după reluarea urmăririi penale.",B
Drept Procesual Penal,100.  Hotărârea primei instanțe rămâne definitivă la data expirării termenului de apel:,"A. pentru inculpatul care nu a declarat apel, chiar dacă celălalt inculpat a declarat apel în termen invocând că fapta nu există
B. dacă apelul a fost respins ca tardiv, pentru că nu a fost declarat în termen
C. dacă inculpatul și-a retras apelul în fața instanței de apel",AB
Drept Procesual Penal,84.  Suspectul sau inculpatul:,"A. poate fi adus cu mandat de aducere numai dacă, fiind anterior chemat cu citaţie, nu s-a prezentat în mod nejustificat, iar ascultarea şi prezenţa lui este necesară
B. nu este legal citat, dacă, primind citaţia şi refuzând să semneze dovada de primire, persoana însărcinată cu comunicarea citației încheie numai proces-verbal şi nu îi lasă o înştiinţare
C. nu este legal citat, dacă, refuzând să primească citaţia, înştiinţarea afişată pe uşa locuinţei sale de agentul procedural, nu cuprinde menţiunea că aceasta se referă la actul procedural al citației.",C
Drept Procesual Penal,"95.  Dacă organul judiciar apreciază necesar, va fi audiată în calitate de martor:","A. soția părții civile, numai dacă este de acord să dea declarații
B. persoana care a suferit o vătămare fizică printr-o infracţiune pentru care acţiunea penală se pune în mişcare din oficiu şi care declară în mod explicit că nu doreşte să participe la procesul penal
C. persoana care a avut în trecut relaţii asemănătoare acelora dintre soţi cu inculpatul conviețuind cu acesta, dacă este de acord să dea declaraţii",B
Drept Procesual Penal,"79.  În lipsa persoanei vătămate citate, atunci când la locuința acesteia dintr-un imobil cu mai multe apartamente se află un minor cu vârsta de 15 ani care locuiește cu ea:","A. citația se înmânează minorului, care semnează dovada de primire
B. citația se predă administratorului, iar agentul încheie un proces-verbal
C. agentul este obligat să se intereseze când poate găsi persoana vătămată pentru a-i înmâna citația",A
Drept Procesual Penal,91.  Măsura asigurătorie a popririi:,"A. poate viza conturile părții responsabile civilmente, în vederea garantării executării cheltuielilor judiciare
B. nu poate fi luată direct prin decizia instanței de apel
C. luată prin sentință, poate fi atacată pe cale separată cu contestație",A
Drept Procesual Penal,89.  Soluţia de renunţare la urmărirea penală:,"A. poate fi dispusă chiar dacă autorul este necunoscut
B. poate fi atacată de către persoana vătămată cu plângere la judecătorul de drepturi şi libertăţi
C. nu poate fi atacată de către suspect.",AC
Drept Procesual Penal,"88.  Termenul de 10 zile pentru formularea apelului poate curge, după caz, de la data:","A. comunicării hotărârii
B. comunicării copiei de pe minuta hotărârii
C. pronunțării încheierii, pentru inculpatul căruia i-a fost respinsă cererea de schimbare a încadrării juridice",A
Drept Procesual Penal,81.  Mandatul de aducere emis de procuror:,"A. nu îl poate viza pe inculpat înainte ca acesta să fi fost chemat prin citaţie
B. permite, în vederea executării, pătrunderea în domiciliul oricărei persoane
C. poate viza și subiecții procesuali principali",C
Drept Procesual Penal,77.  Nu suspendă executarea hotărârii contestaţia formulată de procuror împotriva:,"A. încheierii prin care instanța de apel dispune înlocuirea măsurii arestării preventive cu măsura controlului judiciar
B. încheierii prin care judecătorul de cameră preliminară a constatat încetată de drept măsura arestării preventive
C. sentinţei prin care s-a admis cererea de reabilitare judecătorească",A
Drept Procesual Penal,87.  Măsura preventivă a controlului judiciar luată faţă de inculpat:,"A. poate fi menţinută prin sentinţă în cazul condamnării la pedeapsa închisorii cu suspendarea sub supraveghere a executării
B. va înceta de drept în cazul aplicării unei măsuri educative neprivative de libertate de către instanta de fond
C. nu poate fi prelungită de către procuror, dacă a fost dispusă de către judecătorul de drepturi şi libertăţi",A
Drept Procesual Penal,97.  În cursul judecăţii în primă instanţă:,"A. neacordarea ultimului cuvânt inculpatului determină nulitatea absolută a hotărârii
B. instanţa are obligaţia de a dispune din oficiu administrarea de probe sub aspectul laturii penale a cauzei atunci când inculpatul este minor
C. procurorul poate renunţă la administrarea unor probe încuviinţate în cauză la solicitarea sa.",C
Drept Procesual Penal,93.  Inculpatul X este trimis în judecată pentru infracțiunea de înșelăciune în dauna părții civile Y. Cât privește cercetarea judecătorească în cauză:,"A. începe întotdeauna cu audierea inculpatului X
B. se finalizează prin acordarea ultimului cuvânt al inculpatului
C. până la terminarea acesteia, Y. poate mări cuantumul despăgubirilor materiale pe care le-a solicitat în cursul urmăririi penale, când s-a constituit, în scris, parte civilă",C
Drept Procesual Penal,91.  Cheltuielile judiciare avansate de stat:,"A. sunt suportate de persoana vătămată în cazul renunţării la urmărirea penală
B. sunt suportate de inculpat în cazul în care, după ce acesta cere continuarea procesului penal, se dispune clasarea, reținându-se că fapta a fost săvârşită în stare de legitimă apărare
C. sunt suportate de inculpat în cazul în care se dispune achitarea, reținându-se că fapta nu este prevăzută de legea penală.",B
Drept Procesual Penal,96.  În cazul renunţării la urmărire penală:,"A. este legală soluţia prin care procurorul dispune ca suspectul să repare paguba produsă, în termen 7 luni, în conformitate cu prevederile acordului de mediere încheiat cu partea civilă
B. judecătorul de drepturi şi libertăţi poate dispune înlăturarea obligaţiei de a cere public scuze persoanei vătămate, impusă inculpatului prin ordonanţa de renunţare
C. în cazul neîndeplinirii cu rea-credinţă a obligaţiilor stabilite de procuror în sarcina inculpatului, se va dispune în mod obligatoriu revocarea ordonanţei de renunţare la urmărirea penală.",AC
Drept Procesual Penal,87.  Plângerea prealabilă:,"A. formulată oral se consemnează într-un proces-verbal de către organul judiciar care o primește
B. nu este necesar a fi formulată pentru ca organul de cercetare penală să constate săvârșirea infracțiunii flagrante pentru care acţiunea penală se pune în mişcare la plângere prealabilă
C. va fi respinsă prin ordonanță de către organul de cercetare penală atunci când acesta constată tardivitatea ei",A
Drept Procesual Penal,92.  Plângerea prealabilă pentru o infracţiune de ameninţare:,"A. comisă în formă continuată, consumată la 30 ianuarie 2014 şi epuizată la 1 februarie 2014, este în termen dacă a fost introdusă după 70 de zile de la comiterea ultimei acţiuni
B. permite persoanei vătămate cu deplină capacitate de exerciţiu să se împace cu inculpatul doar până la citirea actului de sesizare a instanţei
C. se consideră valabilă dacă a fost trimisă în termen la Curtea Constituţională, care a transmis-o, pe cale administrativă, după expirarea termenului, la parchetul competent.",A
Drept Procesual Penal,"76.  Prin sentința penală pronunțată de Judecătoria Oradea inculpatul, domiciliat în Satu-Mare, a fost condamnat la pedeapsa închisorii de 2 și 6 luni ani pentru săvârșirea infracțiunii de furt. Prin decizia Curții de Apel Oradea apelul inculpatului a fost admis și pedeapsa a fost redusă la 2 ani închisoare. Hotărârea va fi pusă în executare de:","A. Curtea de Apel Oradea
B. Judecătoria Satu-Mare
C. Judecătoria Oradea",C
Drept Procesual Penal,81.  Este necesară punerea în mișcare a acțiunii penale anterior:,"A. audierii anticipate a unui martor
B. dispunerii măsurii supravegherii tehnice
C. luării măsurii controlului judiciar pe cauțiune",C
Drept Procesual Penal,"100.  Soluţionarea cererii avocatului prin care solicită anularea amenzii judiciare ce i-a fost aplicată în cursul urmăririi penale, este de competenţa:","A. judecătorului de cameră preliminară
B. judecătorului de drepturi şi libertăţi, în cazul în care amenda a fost aplicată de procuror
C. judecătorului de drepturi şi libertăţi de la instanţa superioară celei din care face parte judecătorul care a aplicat amenda.",B
Drept Procesual Penal,88.  Reluarea urmăririi penale:,"A. se va dispune de către procurorul care supraveghează urmărirea penală, în caz de restituire a cauzei la parchet de judecătorul de cameră preliminară care a constatat neregularitatea rechizitoriului, a cărei remediere necesită efectuarea unor acte de urmărire penală
B. în caz de redeschidere a urmăririi penale nu se supune confirmării judecătorului de cameră preliminară atunci când ordonanţa de clasare este infirmată din oficiu de procurorul ierarhic superior ulterior comunicării sale persoanelor îndreptățite, potrivit legii
C. după suspendarea pricinuită de desfășurarea unei proceduri de mediere, nu este supusă confirmării judecătorului de cameră preliminară",C
Drept Procesual Penal,"84.  Într-o cauză în care se efectuează cercetări sub aspectul săvârșirii infracțiunii de conducere a unui vehicul fără permis de conducere, prevăzută de art. 335 alin. (1) C. pen., săvârșită de un profesor din învățământul preuniversitar de stat:","A. organele ierarhic superioare ale poliției judiciare pot da îndrumări organului de cercetare penală privind cercetarea penală
B. organul de cercetare penală nu se poate pronunța cu privire la cererea de probe formulată de suspect, în lipsa unei ordonanțe de delegare date de procuror
C. procurorul poate să dispună preluarea cauzei în care exercită supravegherea pentru a efectua urmărirea penală",C
Drept Procesual Penal,83.  Instanța de judecată va dispune:,"A. restabilirea situației anterioare săvârșirii infracțiunii doar dacă persoana vătămată s-a constituit parte civilă până la începerea cercetării judecătorești, în cazul infracţiunii de tulburare de posesie;
B. obligatoriu, până la soluţionarea în fond a cauzei, restabilirea situației anterioare săvârșirii infracțiunii comise asupra persoanei vătămate minore când schimbarea acelei situații a rezultat din comiterea infracțiunii, iar restabilirea este posibilă;
C. desființarea totală sau parțială a unui înscris, chiar dacă nu există constituire de parte civilă.",C
Drept Procesual Penal,91.  În cazul unei plângeri penale formulate de o persoană juridică:,"A. această trebuie să cuprindă şi indicarea contului bancar
B. este necesară certificarea prin semnătură electronică a plângerii în cazul în care este transmisă în formă electronică, cu excepţia situaţiei în care numele reprezentantului legal şi sediul sunt de notorietate naţională
C. se trimite de către instanţă prin încheiere, la organul judiciar competent, în cazul în care a fost greşit îndreptată.",A
Drept Procesual Penal,86.  Încheierea de respingere a plângerii formulată de inculpat împotriva ordonanţei procurorului de luare a măsurii controlului judiciar:,"A. poate fi atacată cu contestaţie în termen de 48 de ore de la pronunţare sau, după caz, de la comunicare
B. poate fi atacată cu plângere în termen de 48 de ore de la comunicare
C. nu poate fi atacată",C
Drept Procesual Penal,99.  Suspendarea judecăţii:,"A. se dispune prin încheiere, supusă căii de atac a contestaţiei în termen de 48 de ore de la pronunţare pentru cei prezenţi în caz de cerere de extrădare activă
B. poate produce efecte şi asupra situaţiei celorlalţi inculpaţi, chiar dacă temeiul suspendării nu îi priveşte şi pe aceştia
C. nu poate fi dispusă în procedura reabilitării.",B
Drept Procesual Penal,"96.  Cererea de redeschidere a procesului penal, întemeiată pe dispoziţiile art. 466 Cod procedură penală:","A. poate fi formulată şi de o persoană faţă de care s-a dispus renunţarea la aplicarea pedepsei;
B. va fi respinsă, în cazul în care vizează judecarea în lipsă în procesul având ca obiect cererea de revizuire formulată de condamnat împotriva sentinţei de condamnare, cerere care a fost respinsă;
C. poate fi formulată şi oral.",AB
Drept Procesual Penal,94.  Măsurile asigurătorii:,"A. în vederea confiscării speciale sau extinse pot fi luate şi la cererea părții civile
B. luate din oficiu de către instanța de judecată pot folosi și părții civile
C. în vederea confiscării speciale sau extinse pot fi luate și asupra bunurilor unei instituții publice",B
Drept Procesual Penal,89.  Redeschiderea urmăririi penale:,"A. se dispune și dacă procurorul care a dispus soluția de clasare constată, ulterior, că nu a existat împrejurarea pe care se întemeia clasarea și infirmă ordonanța
B. se dispune și dacă procurorul constată că au apărut fapte sau împrejurări noi din care rezultă că a dispărut împrejurarea pe care se întemeia clasarea și revocă ordonanța
C. nu este supusă întotdeauna confirmării judecătorului de cameră preliminară",B
Drept Procesual Penal,95.  Suspendarea urmăririi penale:,"A. este obligatoriu a fi dispusă de procuror, prin ordonanţă, dacă suspectul suferă de o boală gravă, constatată prin expertiză medico-legală, care îl împiedică să ia parte la procesul penal, ordonanţă care se comunică şi persoanei vătămate care nu s-a constituit parte civilă
B. se dispune în cazul în care boală de care suferă persoana vătămată, constatată prin expertiză medico-legală, este incurabilă şi împiedică prezenţa acesteia la desfăşurarea urmăririi penale
C. nu împiedică organele de urmărire penală să desfăşoare, pe perioada suspendării, o percheziţie la domiciliul inculpatului aflat în stare de libertate.",AC
Drept Procesual Penal,98.  Plângerea prealabilă:,"A. adresată judecătoriei în a cărei circumscripţie teritorială a fost comisă fapta la care se referă va fi respinsă ca greşit îndreptată
B. trebuie introdusă în termen de 3 luni de la data la care persoana vătămată minoră a aflat cine este făptuitorul
C. poate fi formulată şi pe parcursul urmăririi penale, în cazul în care organul de urmărire penală schimbă încadrarea juridică a faptei, dintr-o infracțiune care se urmărește din oficiu, într-o infracţiune pentru care este necesară plângerea prealabilă",C
Drept Procesual Penal,"90.  În cazul în care denunţul formulat de o persoană juridică, societate cu răspundere limitată, nu cuprinde codul unic de înregistrare fiscală şi numărul de înmatriculare în registrul comerţului şi, totodată, a fost depus la un parchet necompetent după calitatea persoanei, acesta va dispune:","A. restituirea denunţului pe cale administrativă, cu indicarea elementelor care lipsesc
B. declinarea competenţei în favoarea parchetului competent
C. trimiterea pe cale administrativă a denunţului la parchetul competent",C
Drept Procesual Penal,80.  În procesul penal:,"A. instanţa nu poate în nici un caz audia ca martor pe fostul soţ al inculpatului
B. judecătorul de drepturi şi libertăţi nu poate audia partea civilă potrivit procedurii audierii anticipate
C. organul de cercetare penală nu poate proceda în niciun caz la audierea ca martor a unei persoane care se află într-o situaţie care îi pune la îndoială, în mod rezonabil, capacitatea de a fi martor.",B
Drept Procesual Penal,82.  Atrage nulitatea absolută încălcarea dispoziţiilor legale privitoare la:,"A. autorizarea percheziţiei domiciliare de către judecătorul de drepturi şi libertăţi care activează la o instanţă superioară celei legal competente să judece cauza în primă instanţă
B. efectuarea percheziției la adresa unde locuieşte inculpatul arestat preventiv în altă cauză, în timp ce acesta asista la percheziția efectuată la biroul său
C. asigurarea asistenţei juridice din oficiu a părții civile minore",C
Drept Procesual Penal,80.  Instanţa de judecată poate dispune în cursul cercetării judecătoreşti efectuarea:,"A. unei expertize criminalistice balistice într-o cauză având ca obiect o infracţiune de omor
B. procedeului probatoriu al constatării, când există pericolul de dispariţie a unor mijloace de probă
C. unui supliment de expertiză, atunci când concluziile raportului de expertiză întocmit în cauză necesită anumite lămuriri.",A
Drept Procesual Penal,"86.  Atât măsura preventivă a controlului judiciar, cât și măsura sechestrului asigurător:","A. pot fi luate de către procuror în cursul urmăririi penale
B. în faza de cameră preliminară, trebuie verificate periodic de către judecătorul de cameră preliminară
C. pot fi dispuse numai cu privire la inculpat, respectiv la bunurile acestuia",A
Drept Procesual Penal,78.  În cazul revizuirii:,"A. dacă instanţa respinge cererea de suspendare a executării hotărârii, încheierea poate fi contestată în termen de 48 de ore de la pronunţare pentru cei prezenţi şi de la comunicare pentru cei lipsă
B. instanţa poate dispune luarea măsurii arestării preventive când, după ce a suspendat executarea hotărârii supuse revizuirii, nu sunt respectate, cu rea credinţă, obligaţiile impuse
C. în rejudecarea cauzei, dacă s-a dispus anularea hotărârii, operează efectul extensiv",C
Drept Procesual Penal,98.  Hotărârea prin care instanţa soluţionează acţiunea penală:,"A. nu poate să privească şi acţiunea civilă exercitată în cauză, dacă soluţia pronunţată este de încetare a procesului penal ca urmare a intervenirii prescripţiei răspunderii penale
B. nu poate fi atacată cu apel de soţia inculpatului, dacă acesta a avut apărător ales
C. poate fi atacată cu apel de martorul audiat în cauză, în ceea ce priveşte amenda judiciară care i-a fost aplicată prin sentinţă",C
Drept Procesual Penal,"83.  Este întotdeauna incompatibil să soluţioneze contestaţia împotriva încheierii prin care instanţa a dispus menţinerea controlului judiciar, judecătorul care în aceeaşi cauză:","A. a admis contestaţia procurorului şi a înlăturat dispoziţia de excludere a raportului de expertiză
B. a procedat la audierea anticipată a unui martor
C. a respins anterior contestaţia formulată de un coinculpat împotriva aceleiaşi încheieri de şedinţă",B
Drept Procesual Penal,76.  Asistenţa juridică a inculpatului major este obligatorie în cursul procedurii de cameră preliminară atunci când:,"A. este trimis în judecată, pentru săvârşirea unei infracţiuni sancţionate de lege cu închisoarea de la unu la 5 ani, aflându-se sub control judiciar
B. se analizează necesitatea dispunerii arestului la domiciliu faţă de acesta
C. se pune în discuţie constatarea încetării de drept a măsurii arestării preventive.",BC
Drept Procesual Penal,91.  Atunci când se dispune încetarea procesului penal ca urmare a:,"A. intervenirii amnistiei, instanța nu poate dispune confiscarea cauțiunii
B. împăcării, instanța lasă nesoluționată acțiunea civilă
C. decesului inculpatului, se mențin măsurile asigurătorii luate asupra bunurilor acestuia în vederea reparării pagubei produse prin infracțiunea pentru care a fost trimis în judecată",C
Drept Procesual Penal,82.  Asistența juridică este obligatorie:,"A. în cursul judecății, din momentul dispunerii schimbării încadrării juridice, dacă instanța consideră, în temeiul art.386 Cod procedură penală, că încadrarea juridică dată faptei prin actul de sesizare trebuie schimbată într-o infracțiune pentru care legea prevede pedeapsa închisorii până la 5 ani;
B. în cazul în care inculpatul – aflat în penitenciar în executarea unei pedepse - trimis în judecată pentru comiterea infracțiunii de înșelăciune, prevăzută de art. 244 alin. 1 Cod penal și pedepsită cu închisoarea de la 6 luni la 3 ani, se împacă cu persoana vătămată;
C. la încheierea acordului de recunoaștere a vinovăției pentru infracțiunea de furt simplu.",BC
Drept Procesual Penal,86.  Este considerată ca fiind în termenul legal contestaţia formulată:,"A. de procuror împotriva încheierii judecătorului de drepturi şi libertăţi prin care se respinge propunerea de arestare preventivă, înregistrată în registrul de ieşire al parchetului, la 36 de ore de ia pronunţare şi care se înregistrează la judecătorul de drepturi şi libertăţi care a pronunţat încheierea la 3 zile de la pronunţare, pentru situaţia în care termenul curge de la pronunţare
B. împotriva hotărârii prin care s-a respins cererea de reabilitare, depusă de condamnat în termen de 10 zile de la comunicare, la instanţa ierarhic superioară
C. de inculpatul faţă de care s-a luat măsura arestării preventive, depusă la administraţia locului de deţinere la 24 ore de la comunicare şi care se înregistrează la judecătorul de drepturi şi libertăţi care a pronunţat încheierea, la 4 zile de la comunicare, pentru situaţia în care termenul curge de la comunicare.",BC
Drept Procesual Penal,"82.  În cursul urmăririi penale, percheziţia informatică poate fi dispusă:","A. indiferent de natura infracţiunii care face obiectul cercetării, în măsura în care este utilă cauzei
B. de procurorul care efectuează sau supraveghează urmărirea penală, în caz de pericol de disparţie a datelor informatice, cu obligaţia acestuia de a sesiza în termen de 48 de ore judecătorul de drepturi şi libertăţi de la instanţa căreia i-ar reveni competenţa să judece cauza în primă instanţă în vederea confirmării măsurii
C. numai în prezenta inculpatului arestat preventiv, asistat de un apărător desemnat din oficiu",A
Drept Procesual Penal,84.  Măsura preventivă a arestului la domiciliu:,"A. poate dura mai mult de 5 ani în cursul judecăţii
B. poate fi prelungită de judecătorul de cameră preliminară, numai la cererea procurorului, dacă pedeapsa prevăzută de lege pentru infracţiune este mai mare de 4 ani
C. poate fi luată de instanţa de judecată, din oficiu, prin sentinţa penală de condamnare a inculpatului.",A
Drept Procesual Penal,99.  Termenul de 5 zile în care procurorul trebuie să depună propunerea de prelungire a arestării preventive împreună cu dosarul cauzei la judecătorul de drepturi și libertăți:,"A. este un termen regresiv şi peremptoriu
B. este un termen procedural și dilatoriu
C. expiră la sfârșitul primei zile lucrătoare care urmează, dacă ultima zi a termenului cade într-o zi nelucrătoare",A
Drept Procesual Penal,87.  Măsura preventivă a controlului judiciar încetează de drept atunci când prima instanță:,"A. a dispus condamnarea cu suspendarea executării pedepsei sub supraveghere
B. a dispus condamnarea inculpatului la pedeapsa amenzii penale
C. a luat față de inculpatul minor o măsură educativă neprivativă de libertate",B
Drept Procesual Penal,93.  Este incompatibil:,"A. judecătorul de cameră preliminară, învestit să soluţioneze contestaţia împotriva luării măsurii sechestrului asigurator, atunci când în cursul urmăririi penale a soluționat plângerea prin care inculpatul a solicitat modificarea unei obligații din conținutul controlului judiciar dispus de procuror;
B. judecătorul învestit cu o cerere de redeschidere a procesului penal, care anterior a admis plângerea împotriva soluției de clasare a procurorului și a trimis cauza la procuror pentru completarea urmăririi penale;
C. judecătorul care a soluţionat contestaţia împotriva încheierii de menţinere a arestului la domiciliu în procedura de cameră preliminară şi care este învestit ulterior şi cu contestaţia împotriva încheierii de menţinere a acestei măsuri în cursul judecăţii.",AB
Drept Procesual Penal,85.  Obiectele ridicate la percheziţie care constituie mijloace de probă în condițiile art.162 Cod procedură penală:,"A. sunt atașate la dosar sau păstrate în alt mod;
B. sunt păstrate numai la organul de urmărire penală până la soluționarea definitivă a cauzei;
C. se restituie în toate cazurile persoanei căreia îi aparţin, dacă nu au legătură cu cauza.",A
Drept Procesual Penal,99.  În cauzele cu infractori minori:,"A. nu este obligatorie citarea de către organele de urmărire penală a părinţilor sau, după caz, a altui reprezentant legal, la orice ascultare a minorului în calitate de suspect sau inculpat
B. admiterea cererii de judecare a cauzei în procedura recunoaşterii învinuirii poate avea loc dacă este încuviinţată de reprezentantul său legal, iar probele sunt suficiente pentru aflarea adevărului şi justa soluţionare a cauzei
C. la încheierea unui acord de recunoaştere a vinovăţiei limitele perioadei pe care se dispune măsura educativă privativă de libertate se reduc cu o treime, iar cele prin care se dispune o măsură educativă neprivativă de libertate se reduc cu o pătrime",B
Drept Procesual Penal,"79.  Dispoziţiile din materia apelului privind repunerea în termen sunt aplicabile, în mod corespunzător:","A. în cazul contestaţiei împotriva încheierii prin care judecătorul de drepturi şi libertăţi a dispus luarea măsurii controlului judiciar
B. în cazul contestaţiei în anulare
C. în cazul plângerii împotriva soluţiei de clasare dispusă de procuror",A
Drept Procesual Penal,91.  Percheziţia:,"A. domiciliară nu se poate dispune în locuinţa unei persoane, dacă urmărirea penală a fost începută numai cu privire la faptă (in rem);
B. corporală se efectuează exclusiv de organele judiciare;
C. se poate efectua în şifonierul cu haine al soţiei suspectului, chiar dacă aceasta nu se află în domiciliu în momentul efectuării percheziţiei, dar este prezent soţul său.",C
Drept Procesual Penal,85.  Asistenţa juridică este obligatorie:,"A. în cursul urmăririi penale, pentru inculpatul major, aflat în stare de libertate, care a comis infracţiunea de care este acuzat în timp ce era minor
B. dacă inculpatul se află în executarea măsurii internării într-un centru educativ, aplicată într-o altă cauză
C. la examinarea admisibilităţii în principiu a cererii de revizuire formulate de condamnatul privat de libertate.",B
Drept Procesual Penal,90.  Judecata poate avea loc potrivit procedurii abreviate a recunoaşterii învinuirii:,"A. numai dacă instanţa a fost sesizată prin rechizitoriu
B. chiar dacă inculpatul solicită schimbarea încadrării juridice a faptelor descrise în rechizitoriu şi recunoscute de el
C. în cazul în care inculpatul, absent de la proces, recunoaşte comiterea faptelor de care este acuzat, prin intermediul avocatului său ales.",B
Drept Procesual Penal,86.  Necompetenţa materială a judecătoriei poate fi invocată:,"A. doar până la începerea cercetării judecătoreşti
B. în tot cursul judecăţii, până la pronunţarea hotărârii definitive
C. ca motiv de contestaţie în anulare.",B
Drept Procesual Penal,91.  Calitatea unei persoane de inculpat într-o cauză penală:,"A. poate coexista cu cea de suspect, cercetat pentru o altă infracţiune, în aceeaşi cauză
B. nu poate fi dobândită în situaţia în care suspectul se sustrage de la urmărirea penală
C. este obligatorie pentru a putea dispune măsura reţinerii",A
Drept Procesual Penal,"84.  Data de 17.09.2021 (vineri) reprezintă ultima zi de formulare a apelului pentru inculpat. În această zi, la ora 16:45, inculpatul trimite pe adresa e-mail a instanței o cerere de apel, mesajul electronic fiind primit în aceeași zi. La data de 20.09.2021 (luni), la începerea programului de lucru, cererea de apel astfel primită este înregistrată la registratura instanței. Apelul este:","A. formulat în termen
B. formulat în termen doar dacă cererea a fost primită la instanţă înainte de încheierea programului de lucru din ziua de 17.09.2021
C. tardiv formulat",A
Drept Procesual Penal,94.  Partea responsabilă civilmente poate fi introdusă în procesul penal până la începerea cercetării judecătoreşti:,"A. de către instanţa de judecată, din oficiu
B. la cererea procurorului, atunci când exercită acţiunea civilă
C. la cererea inculpatului.",B
Drept Procesual Penal,"94.  Declarația de martor dată de o persoană care, în aceeași cauză, anterior declarației, a avut calitatea de inculpat:","A. poate fi folosită împotriva sa în altă cauză penală
B. nu poate fi luată în considerare pentru pronunțarea unei soluții de condamnare în cazul celorlalți inculpați
C. poate fi folosită în favoarea sa, în cazul în care redobândește calitatea de inculpat",C
Drept Procesual Penal,99.  Poate asista la şedinţa de judecată:,"A. persoană înarmată care doreşte să prezinte instanţei arma cu care inculpatul a comis asupra ei tentativa de omor
B. persoana fără discernământ
C. minorul sub 14 ani care are calitatea de parte civilă în cauză.",BC
Drept Procesual Penal,96.  Şedinţa de judecată este întotdeauna nepublică:,"A. atunci când se soluţionează plângerea împotriva măsurii controlului judiciar dispuse de procuror
B. atunci când la şedinţă asistă şi minori
C. atunci când se pune în discuţie o cerere de schimbare de încadrare juridică din infracţiunea de act sexual cu un minor în infracţiunea de viol",A
Drept Procesual Penal,87.  Punerea în mișcare a acțiunii penale poate fi dispusă de către:,"A. organul de cercetare penală
B. procuror
C. judecătorul de cameră preliminară, atunci când admite plângerea împotriva soluției de clasare",B
Drept Procesual Penal,87.  Sancţiunea nulităţii absolute intervine atunci când:,"A. judecătorul de drepturi şi libertăţi soluţionează propunerea de arestare preventivă în şedinţă publică
B. inculpatul nu a fost citat la efectuarea percheziţiei informatice şi aceasta s-a desfăşurat în lipsa lui
C. apelul inculpatului, care a dobândit calitatea de europarlamentar după pronunţarea hotărârii de condamnare de către judecătorie, a fost soluţionat de curtea de apel şi nu de Înalta Curte de Casaţie şi Justiţie",B
Drept Procesual Penal,81.  Acțiunea civilă în procesul penal:,"A. poate avea ca obiect repararea prejudiciului material prin restituirea lucrului
B. nu poate fi exercitată de persoana căreia persoana vătămată i-a transmis, pe cale convențională, mai înainte de constituirea de parte civilă, dreptul la repararea prejudiciului
C. este admisibilă dacă partea civilă a revenit asupra renunţării la pretenţiile civile până la începerea cercetării judecătoreşti",A
Drept Procesual Penal,"90.  În cazul în care inculpatul major solicită ca judecata să aibă loc potrivit procedurii recunoaşterii învinuirii, beneficiază de reducerea cu o treime a limitelor pedepsei închisorii:","A. dacă instanţa respinge solicitarea acestuia dar, cu ocazia deliberării, reţine aceeaşi situaţie de fapt ca cea recunoscută de către inculpat, schimbând însă încadrarea juridică a faptei
B. numai dacă instanţa, respingând solicitarea acestuia, reţine, cu ocazia deliberării, aceeaşi situaţie de fapt ca cea recunoscută de către inculpat şi aceeaşi încadrare juridică a faptei ca cea stabilită prin rechizitoriu
C. dacă instanţa admite solicitarea acestuia dar, cu ocazia deliberării, schimbă încadrarea juridică a faptei.",AC
Drept Procesual Penal,81.  Măsură arestării preventive a inculpatului dispusă în cauză încetează de drept:,"A. la dată rămânerii definitive a hotărârii de condamnare la pedeapsa închisorii cu executare în regim de detenţie
B. la pronunţarea în primă instanţă a hotărârii prin care s-a aplicat inculpatului măsura educativă a internării într-un centru educativ
C. în cazul în care instanţa verifică dacă subzistă temeiurile care au determinat menţinerea măsurii preventive la mai mult de 60 de zile de la ultima menţinere a acestei măsuri.",AC
Drept Procesual Penal,"84.  La data de 10.04.2018 (într-o zi de marţi) a fost comunicată inculpatului încheierea judecătoriei prin care s-a dispus începerea judecății, constatându-se, totodată, că nu au fost formulate cereri sau excepții. Contestația formulată de acesta la data de 16.04.2018 este:","A. în termen
B. tardivă
C. inadmisibilă",A
Drept Procesual Penal,"77.  Inculpatul nu se mai citează pentru termenele ulterioare, având termenul în cunoştinţă, în cazul în care:","A. citaţia a fost primită de soţia inculpatului, iar la termenul de judecată stabilit se prezintă doar apărătorul desemnat din oficiu, care declara că a luat legătură cu inculpatul
B. citaţia pentru acel termen a fost înmânată funcţionarului însărcinat cu primirea corespondenţei din cadrul instituţiei publice, aceasta fiind inculpată în cauză
C. la termenul stabilit, acesta se prezintă personal, în stare de arest preventiv, fiind asistat de apărătorul ales.",B
Drept Procesual Penal,"83.  Atunci când într-o cauză penală se dispune efectuarea unei expertize, expertul:","A. nu poate să aibă, concomitent, atât calitatea de expert desemnat de organul judiciar, cât şi pe aceea de expert recomandat de persoana vătămată să asiste la efectuarea expertizei
B. nu mai poate fi audiat de către instanţă după depunerea raportului de expertiză
C. după desemnarea sa de către instanţă, nu poate solicita lămuriri părţilor",A
Drept Procesual Penal,77.  Măsurile asigurătorii în vederea reparării pagubei produse prin infracțiune:,"A. pot fi luate la cererea părții civile, doar dacă aceasta indică bunurile inculpatului asupra cărora solicită înființarea măsurii
B. nu pot fi extinse de prima instanță asupra bunurilor părții responsabile civilmente, dacă partea civilă își mărește întinderea pretențiilor după începerea cercetării judecătorești, dar înainte de terminarea acesteia
C. încetează de drept, dacă persoana vătămată nu introduce acțiune în fața instanței civile în termen de 30 de zile de la rămânerea definitivă a hotărârii de achitare a inculpatului pe motiv că fapta nu e prevăzută de legea penală, hotărâre prin care acțiunea civilă a fost lăsată nesoluționată",C
Drept Procesual Penal,84.  Reconstituirea:,"A. se efectuează în prezenţa obligatorie a avocatului unui inculpat judecat pentru tentativă la infracţiunea de omor
B. exclude prezenţa altor persoane în afara celei suspectate că ar fi comis fapta cercetată
C. nu poate fi dispusă în cursul urmăririi penale",A
Drept Procesual Penal,"92.  În ceea ce privește judecata, este corectă afirmația potrivit căreia:","A. nu poate fi desfășurată în procedura simplificată a recunoașterii învinuirii într-o cauză având ca obiect o infracțiune contra patrimoniului care a produs consecințe deosebit de grave
B. omisiunea acordării ultimului cuvânt al inculpatului atrage sancțiunea nulității absolute
C. participarea procurorului este obligatorie, sub sancțiunea nulității absolute, și la judecarea acțiunii civile disjunse",C
Drept Procesual Penal,97.  Amenda judiciară:,"A. nu poate fi aplicată de un organ de cercetare penală
B. aplicată de procuror poate fi redusă de judecătorul de cameră preliminară
C. poate fi aplicată şi expertului a cărui cerere de înlocuire a fost încuviinţată",C
Drept Procesual Penal,85.  Perioada în care suspectul sau inculpatul a fost internat într-o instituţie de specialitate în vederea efectuării unei expertize psihiatrice se deduce din durata pedepsei pronunţate:,"A. numai dacă internarea a fost nevoluntară
B. numai dacă internarea a fost voluntară
C. indiferent dacă internarea a avut caracter voluntar sau nevoluntar",C
Drept Procesual Penal,97.  Citirea actului de sesizare:,"A. nu se mai dispune de preşedintele completului de judecată, dacă inculpatul solicită judecarea în procedura recunoaşterii învinuirii
B. vizează fie rechizitoriul, fie acordul de recunoaştere a vinovăţiei cu care instanţa a fost sesizată
C. este prealabilă efectuării cercetării judecătoreşti",C
Drept Procesual Penal,97.  Instanța de judecată:,"A. poate schimba prin sentință încadrarea juridică dată faptei prin actul de sesizare, inclusiv în situația în care inculpatul este judecat în procedura recunoașterii învinuirii;
B. poate dispune reunirea cauzelor în cazul în care constată că pe rolul altei instanțe se află o cauză având ca obiect o infracțiune săvârşită de notarul public X, în calitate de instigator la infracțiunea de uz de fals comisă de Y, minor în vârstă de 17 ani, ce face obiectul cauzei aflate pe rolul său, ambele cauze aflându-se în faza apelului
C. constată încetată de drept măsura arestului la domiciliu în cursul judecăţii în primă instanţă, dacă durata totală a acesteia (4 ani) a depășit jumătatea maximului special prevăzut de lege pentru infracțiunea care face obiectul sesizării prin acordul de recunoaștere a vinovăției, chiar dacă inculpatul este minor",C
Drept Procesual Penal,85.  În cursul cercetării judecătoreşti pot fi administrate:,"A. şi probele necontestate de părţi sau persoana vătămată
B. şi probe ce au fost excluse în procedura soluţionării plângerii împotriva ordonanţei de clasare, în cazul în care s-a admis plângerea şi s-a dispus începerea judecăţii
C. probe noi prin care să se dovedească aspecte ce au făcut obiectul unor mijloace de probă excluse în procedura de cameră preliminară.",AC
Drept Procesual Penal,"100.  Inculpatul X a fost condamnat la pedeapsa de 1 an închisoare de Judecătoria Arad, sentinţa rămânând definitivă prin neapelare. În acest caz:","A. inculpatul poate face oricând contestaţie în anulare, dacă judecata a avut loc fără participarea procurorului, care era obligatorie potrivit legii
B. persoana vătămată poate formula cerere de revizuire la instanţa civilă asupra laturii civile, în cazul în care nu a fost legal citată
C. dacă este admisă cererea inculpatului X de redeschidere a procesului penal, instanţa se va pronunţa prin încheiere ce poate fi atacată doar o dată cu fondul.",C
Drept Procesual Penal,"90.  Instanţa sesizată cu un acord de recunoaştere a vinovăţiei, în condiţiile art. 480 şi următoarele Cod procedură penală:","A. va schimba încadrarea juridică a faptei reţinute în acord, atunci când constată că această încadrare este una greşită;
B. va respinge acordul de recunoaştere a vinovăţiei atunci când inculpatul, în faţa instanţei de judecată, retrage consimţământul valabil exprimat în cursul urmăririi penale;
C. va dispune punerea de îndată în libertate a inculpatului arestat preventiv în cauză, atunci când admite acordul de recunoaştere a vinovăţiei care prevede pedeapsa închisorii cu suspendarea sub supraveghere a executării acesteia.",C
Drept Procesual Penal,98.  Are competenţă de a soluţiona o cerere de anulare a reabilitării judecătoreşti:,"A. Tribunalul Bucureşti, atunci când hotărârea de condamnare a fost pronunţată în primă instanţă de Înalta Curte de Casaţie şi Justiţie
B. instanţa în a cărei circumscripţie domiciliază condamnatul, corespunzătoare în grad celei care a judecat în primă instanţă cauza în care s-a pronunţat condamnarea
C. Judecătoria Sectorului 2 Bucureşti, ori de câte ori infracţiunea care a atras condamnarea a fost săvârşită în străinătate.",B
Drept Procesual Penal,84.  Prezenţa inculpatului în faţa judecătorului de drepturi şi libertăţi nu este obligatorie atunci când se soluţionează:,"A. propunerea de prelungire a măsurii arestului la domiciliu
B. propunerea de prelungire a măsurii arestării preventive, ori de câte ori inculpatul este bolnav
C. contestaţia împotriva măsurii asigurătorii dispuse de procuror.",AC
Drept Procesual Penal,81.  Un minor în vârstă de 10 ani:,"A. poate fi audiat ca martor, însă nu depune jurământ
B. nu poate fi audiat ca martor, existând prezumţia legală absolută a lipsei de discernământ
C. poate fi audiat ca martor, însă este obligatoriu ca la audiere să asiste un psiholog",A
Drept Procesual Penal,88.  Constituie măsuri de supraveghere tehnică:,"A. localizarea sau urmărirea prin mijloace tehnice, obținerea datelor privind tranzacțiile financiare ale unei persoane, interceptarea comunicaţiilor ori a oricărui tip de comunicare la distanță
B. accesul la un sistem informatic, supravegherea video, audio sau prin fotografiere, localizarea sau urmărirea prin mijloace tehnice
C. livrarea supravegheată, utilizarea investigatorilor sub acoperire, interceptarea comunicațiilor ori a oricărui tip de comunicare la distanță",B
Drept Procesual Penal,93.  Procurorul:,"A. în cursul urmăririi penale, poate autoriza, pe o durată de maxim 48 de ore, măsuri de supraveghere tehnică, doar dacă pedeapsa prevăzută de lege pentru infracţiunea ce face obiectul cercetărilor este închisoarea de 5 ani sau mai mare
B. în nicio situaţie nu poate interzice accesul apărătorului inculpatului la declaraţiile date de
C. poate încuviinţa continuarea efectuării percheziţiei domiciliare şi în locurile învecinate celor pentru care a fost emis mandatul de percheziţie",B
Drept Procesual Penal,90.  În ceea ce privește renunțarea la urmărirea penală este valabilă următoarea afirmație:,"A. poate fi dispusă numai prin ordonanță și doar de procuror, nu și de organul de cercetare penală
B. ordonanța prin care s-a dispus renunțarea față de suspectul X., urmărit penal pentru infracţiunea de distrugere prevăzută de art. 253 alin. (1) C.pen., va conţine și dispoziţia de confiscare a obiectului metalic folosit la săvârşirea faptei
C. revocarea acesteia reprezintă un caz de redeschidere a urmăririi penale",C
Drept Procesual Penal,"94.  Are termen în cunoștință și, pe cale de consecință, nu va mai fi citată pentru următorul termen de judecată:","A. persoana vătămată, care, deși a primit personal citația, nu s-a prezentat la judecată
B. partea civilă, deținută în Penitenciarul Jilava, care a fost citată la un termen la locul de deținere prin administrația acestuia și a semnat personal de primirea citației
C. inculpatul, care a fost prezent personal la dezbateri și a fost informat asupra datei și a modalității de pronunțare a hotărârii, iar cu ocazia deliberării instanța a hotărât repunerea cauzei pe rol în vederea reluării dezbaterilor, stabilind un nou termen de judecată",A
Drept Procesual Penal,82.  Nu poate constitui obiect al comisiei rogatorii:,"A. emiterea mandatului de arestare preventivă
B. efectuarea confruntării între doi martori
C. soluționarea cererii de recuzare",A
Drept Procesual Penal,89.  Termenul de 5 zile în care procurorul poate solicita prelungirea arestării preventive este:,"A. un termen de recomandare
B. un termen peremptoriu (de decădere)
C. un termen prohibitiv (dilatoriu).",B
Drept Procesual Penal,85.  Contestația formulată de către inculpat împotriva încheierii prin care judecătorul de drepturi și libertăți de la instanța căreia i-ar reveni competența să judece cauza în primă instanță a dispus luarea măsurii arestării preventive pentru o durată de 15 de zile:,"A. poate fi admisă, situație în care se poate dispune respingerea propunerii de luare a măsurii arestării preventive
B. este suspensivă de executare, dacă este formulată de procuror
C. se poate soluționa în lipsa inculpatului minor care lipsește nejustificat, doar dacă este prezent unul dintre părinți sau reprezentantul legal, precum și apărătorul ales sau desemnat din oficiu",A
Drept Procesual Penal,86.  Termenul:,"A. de cel puţin 5 zile înainte de expirarea duratei măsurii preventive, în care procurorul, atunci când dispune trimiterea în judecată, trebuie să înainteze rechizitoriul şi dosarul cauzei judecătorului de cameră preliminară de la instanţa competentă, este un termen peremptoriu în privinţa căruia operează prorogarea legală
B. de 48 de ore prevăzut de lege pentru declararea contestaţiei, care curge în întregime numai în zile nelucrătoare, se prorogă până la finalul primei zile lucrătoare
C. de declarare a apelului curge de la data când a fost afişată, potrivit legii, pe uşa locuinţei destinatarului, înştiinţarea privind comunicarea copiei minutei",A
Drept Procesual Penal,78.  În ipoteza în care din probele administrate se reţine că inculpatul a împiedicat producerea rezultatului actelor de executare pe care le-a comis:,"A. instanţa va dispune o soluţie de achitare
B. instanţa va lasă acţiunea civilă nesoluţionată
C. inculpatul poate solicita continuarea procesului penal.",C
Drept Procesual Penal,79.  Acţiunea civilă exercitată în cadrul procesului penal:,"A. se soluţionează de instanţa penală care pronunţă achitarea inculpatului pe motiv că fapta ce formează obiectul cauzei nu a fost săvârşită cu vinovăţia prevăzută în textul incriminator
B. este lăsată nesoluţionată de către instanţa care admite acordul de recunoaştere a vinovăţiei, dacă între părţi s-a încheiat un acord de mediere cu privire la acţiunea civilă
C. este soluţionată de către instanţa penală care pronunţă încetarea procesului penal, constatând că a intervenit prescripţia răspunderii penale.",A
Drept Procesual Penal,77.  Nerespectarea dispozițiilor legale privind asistența juridică:,"A. a inculpatului persoană juridică, în cursul judecății, în cauzele în care legea prevede pentru infracțiunea săvârșită pedeapsa închisorii mai mare de 5 ani, poate atrage incidența nulității relative
B. a inculpatului, la momentul încheierii cu acesta a acordului de recunoaștere a vinovăției, este sancționată cu nulitatea absolută
C. a persoanei vătămate minore care este constituită parte civilă în procesul penal atrage incidența nulității absolute",B
Drept Procesual Penal,"83.  Organele de ordine publică, în timpul exercitării atribuțiilor de serviciu, surprind săvârșirea unei tâlhării și îl prind pe făptuitor, întocmind ulterior un proces-verbal cu privire la împrejurările constatate. În acest caz:","A. organele de ordine publică pot dispune măsura preventivă a reținerii, chiar înainte de începerea urmăririi penale
B. organele de ordine publică nu pot face percheziția corporală a făptuitorului
C. persoanele care au întocmit procesul-verbal pot fi audiate în cursul procesului penal în calitate de martori",C
Drept Procesual Penal,79.  Poate avea calitatea de martor:,"A. o persoană lipsită de capacitate de exercițiu
B. colaboratorul căruia i-a fost atribuită o altă identitate decât cea reală
C. sora unuia dintre inculpați, doar cu privire la faptele celorlalți coinculpați",A
Drept Procesual Penal,80.  Plângerea împotriva ordonanței procurorului prin care s-a luat măsura controlului judiciar:,"A. nu poate fi soluționată în absența apărătorului inculpatului
B. se judecă în camera de consiliu și se soluționează prin încheiere ce poate fi atacată cu contestație
C. se formulează în termen de 48 de ore de la comunicarea ordonanței și este de competența exclusivă a judecătorului de drepturi și libertăți de la instanța căreia i-ar reveni competența să judece cauza în fond",AC
Drept Procesual Penal,76.  Asistenţa juridică este obligatorie:,"A. la judecarea cererii de reabilitare privind condamnarea la pedeapsa de 6 ani închisoare
B. în cursul judecății, pentru inculpatul persoană juridică, în cauzele în care legea prevede pentru infracţiunea săvârşită pedeapsa detenţiunii pe viaţă sau pedeapsa închisorii mai mare de 5 ani
C. la soluționarea plângerii împotriva soluției de clasare dispuse de procuror, pentru intimatul care a avut în cursul urmăririi penale calitatea de suspect cercetat cu privire la o infracțiune de omor",B
Drept Procesual Penal,"93.  În cursul cercetării judecătorești, inculpatului X, cercetat pentru infracțiunea de vătămare corporală din culpă, i-a fost admisă cererea de a fi audiată martora M, cu domiciliul în străinătate, care a și fost prezentă la termenul la care cererea a fost admisă, însă nu a putut fi audiată, fiindcă nu a existat timpul necesar. La următorul termen de judecată, inculpatul a solicitat să se amâne cauza, deoarece martora a trebuit să se întoarcă acasă și ar putea să fie prezentă doar peste o lună, când își va lua concediu. Instanța a respins cererea de amânare și a dispus din oficiu ca această probă să nu mai fie administrată din cauza imposibilității prezentării martorei în instanță.
 
Dispoziția instanței:","A. nu este legală, întrucât instanța nu a pus în discuția părților și a procurorului imposibilitatea audierii martorei
B. este legală, deoarece doar instanța stabilește ce probe pot fi administrate în cursul cercetării judecătorești
C. este greșită, întrucât situația invocată nu demonstra imposibilitatea administrării probei",AC
Drept Procesual Penal,89.  Calea extraordionară de atac a revizuirii:,"A. este inadmisibilă atunci când este formulată de procuror, acesta solicitând rejudecarea şi condamnarea inculpatului, motivat de faptul că s-au descoperit împrejurări noi, ce nu au fost cunoscute la soluţionarea cauzei, iar acestea dovedesc nelegalitatea soluţiei de achitare a inculpatului;
B. este inadmisibilă atunci când este formulată de condamnat pentru că hotărârea s-a întemeiat pe o prevedere legală declarată neconstituţională, după rămânerea definitivă a hotărârii, ca urmare a admiterii unei excepţii de neconstituţionalitate ridicate în altă cauză;
C. presupune în toate cazurile, după admiterea în principiu a cererii de revizuire, etapa cercetărilor efectuate de către procuror.",AB
Drept Procesual Penal,80.  Mandatul de aducere faţă de un inculpat:,"A. este valabil maxim 24 de ore de la momentul emiterii sale
B. poate fi executat şi de poliţia militară, în anumite condiţii
C. poate fi emis în cursul urmăririi penale doar de judecătorul de drepturi şi libertăţi de la instanţa competentă să judece cauza în fond",B
Drept Procesual Penal,"76.  Inculpatul, cercetat pentru infracţiunea de şantaj, poate invoca nelegalitatea percheziţiei domiciliare efectuate în locuinţa sa, în prezenţa soţiei sale, în timp ce era reţinut în cauză ca suspect, fără să fie înştiinţat oficial şi adus la efectuarea acesteia:","A. până la primul termen de judecată în faţa instanţei;
B. imediat după ce i-a fost comunicat procesul -verbal de percheziţie domiciliară, dar nu mai târziu de terminarea urmăririi penale;
C. cel mai târziu pe calea contestaţiei formulate împotriva încheierii prin care s-a dispus începerea judecăţii în procedura de cameră preliminară.",C
Drept Procesual Penal,92.  Extinderea urmăririi penale ca urmare a constatării unor fapte noi poate fi dispusă:,"A. numai de către procuror, indiferent dacă urmărirea penală a fost începută in rem sau efectuată în continuare in personam
B. şi de către judecătorul de drepturi şi libertăţi
C. de organul de cercetare penală în cazul în care urmărirea penală se efectuează faţă de un suspect, urmând a fi supusă confirmării motivate a procurorului care supraveghează urmărirea penală",C
Drept Procesual Penal,"88.  Atunci când apelul a fost retras înăuntrul termenului de apel, hotărârea primei instanţe devine definitivă la data:","A. expirării termenului de apel
B. retragerii apelului
C. pronunţării sentinţei",A
Drept Procesual Penal,99.  Contestația în anulare formulată de inculpat este fondată dacă:,"A. judecarea cauzei în primă instanță a avut loc fără citarea legală a părţii și hotărârea a rămas definitivă prin neexercitarea apelului
B. se invocă citarea nelegală a părții civile la judecarea apelului
C. instanța de apel a dispus amânarea aplicării pedepsei, omițând să analizeze înscrisul autentic prin care persoana vătămată și-a retras plângerea prealabilă pentru infracțiunea de amenințare prevăzută de art. 206 alin.(1) Cod penal",C
Drept Procesual Penal,100.  În cauzele cu infractori minori:,"A. întocmirea referatului de evaluare este obligatorie în cursul urmăririi penale
B. întocmirea referatului de evaluare este obligatorie în cursul judecăţii în situaţia în care nu a fost efectuat în cursul urmăririi penale
C. dacă inculpatul a împlinit 18 ani în ziua rămânerii definitive a încheierii prin care judecătorul de cameră preliminară a dispus începerea judecăţii, judecarea cauzei se va face potrivit procedurii obişnuite",B
Drept Procesual Penal,97.  Hotărârile penale definitive sunt puse în executare de către:,"A. tribunalul în raza căruia domiciliază condamnatul, ori de câte ori infracţiunea comisă a produs o pagubă materială mai mare de 2.000.000 lei
B. tribunalul militar, ori de câte ori condamnarea a fost pronunţată de o instanţă militară
C. Tribunalul Bucureşti, dacă hotărârea de condamnare priveşte un judecător al Curţii Constituţionale.",C
Drept Procesual Penal,"91.  În procedura de cameră preliminară, judecătorul:","A. poate audia, la cererea părții responsabile civilmente, martori pentru dovedirea unor aspecte de nelegalitate care vizează cercetarea la fața locului efectuată în cursul urmăririi penale
B. va dispune începerea judecății dacă, după ce anterior, admițând cererile și excepțiile inculpatului și excluzând două declarații de martori, obținute nelegal, a comunicat încheierea parchetului, iar procurorul nu a răspuns în termenul de 5 zile prevăzut de lege
C. poate invoca excepția necompetenței materiale, ca urmare a faptului că a admis cererea inculpatului de schimbare a încadrării juridice",A
Drept Procesual Penal,98.  Judecata se desfăşoară în şedinţă publică într-o cauză privitoare la:,"A. inculpaţi minori împreună cu majori, dacă nu a putut fi disjunsă cauza în legătură cu aceştia din urmă
B. soluţionarea cererii de reabilitare judecătorească
C. analizarea admisibilităţii în principiu a cererii de contestaţie în anulare.",A
Drept Procesual Penal,"83.  Judecătorul de cameră preliminară restituie cauza la parchet, atunci când:","A. prin răspunsul formulat, procurorul nu a remediat neregularitatea constatată prin încheierea comunicată, cu toate că neregularitatea nu atrăgea imposibilitatea stabilirii obiectului sau limitelor judecăţii
B. în urma excluderii unei probe, procurorul nu a răspuns în termen dacă menţine dispoziţia de trimitere în judecată
C. infracțiunea indicată în actul de sesizare este de competența instanței ierarhic superioare",B
Drept Procesual Penal,91.  Acordul de recunoaştere a vinovăţiei se poate încheia:,"A. între procuror şi inculpatul major care a comis fapta împotriva unui minor
B. numai dacă inculpatul recunoaşte toate infracţiunile pentru care a fost pusă în mişcare acţiunea penală
C. chiar dacă fapta cu privire la care se efectuează urmărirea penală a intrat sub incidenţa unei legi de graţiere totală şi necondiţionată.",AC
Drept Procesual Penal,94.  Într-o cauză penală:,"A. se poate admite propunerea de arestare preventivă a unei persoane, atunci când urmărirea penală se desfăşoară in rem (cu privire la faptă);
B. persoana care a suferit o vătămare fizică, materială sau morală printr-o faptă penală poate renunţa la calitatea procesuală de persoană vătămată, existând posibilitatea de a participa în proces ca alt subiect procesual;
C. o persoană poate dobândi calitatea de inculpat şi în cursul judecăţii, prin efectul declaraţiei orale a procurorului de punere în mişcare a acţiunii penale.",BC
Drept Procesual Penal,82.  Dreptul la tăcere al inculpatului:,"A. îi este adus la cunoștință cu ocazia primei audieri doar dacă nu i s-a adus la cunoștință cu ocazia primei audieri în calitate de suspect
B. poate fi exercitat cu privire la o împrejurare despre care este întrebat, deși a fost de acord să dea declarație cu privire la fapta la care aceasta se referă
C. presupune și renunțarea la dreptul de a propune administrarea de probe",B
Drept Procesual Penal,79.  Cheltuielile judiciare avansate de stat:,"A. rămân în sarcina acestuia, în cazul în care se constată că sunt incidente dispozițiile art. 51 Cod penal, privind împiedicarea săvârşirii infracţiunii
B. se suportă de către persoana vătămată dacă, în cazul continuării procesului penal, se dispune achitarea inculpatului întrucât fapta nu există, numai în măsura în care persoanei vătămate i se reţine o culpă procesuală
C. se suportă de către partea civilă prevăzută în acordul de mediere în baza căruia s-a pronunțat soluția de încetare a procesului penal",BC
